{"type": "FeatureCollection", "features": [{"type": "Feature", "properties": {"name": "Murredu Watershed", "area_km2": 0.0, "published_area_km2": 1593.33, "outlet_lat": 17.5936, "outlet_lon": 80.8217, "source": "Hydrologically delineated from local DEM using WhiteboxTools D8 flow routing and CWC Sangam (Murredu) outlet.", "published_reference": "Murredu watershed studies report 1593.33 km\u00b2; CWC outlet catchment is 1565 km\u00b2."}, "geometry": {"type": "Polygon", "coordinates": [[[80.5551389, 17.6423611], [80.5551389, 17.6420833], [80.5548611, 17.6420833], [80.5548611, 17.6418056], [80.5534722, 17.6418056], [80.5534722, 17.6415278], [80.5531944, 17.6415278], [80.5531944, 17.6409722], [80.5529167, 17.6409722], [80.5529167, 17.6406944], [80.5526389, 17.6406944], [80.5526389, 17.6409722], [80.5523611, 17.6409722], [80.5523611, 17.64125], [80.5520833, 17.64125], [80.5520833, 17.6418056], [80.5518056, 17.6418056], [80.5518056, 17.6415278], [80.5515278, 17.6415278], [80.5515278, 17.64125], [80.55125, 17.64125], [80.55125, 17.6404167], [80.5509722, 17.6404167], [80.5509722, 17.6401389], [80.5506944, 17.6401389], [80.5506944, 17.6404167], [80.5504167, 17.6404167], [80.5504167, 17.6406944], [80.5498611, 17.6406944], [80.5498611, 17.6401389], [80.5490278, 17.6401389], [80.5490278, 17.6398611], [80.5479167, 17.6398611], [80.5479167, 17.6393056], [80.5473611, 17.6393056], [80.5473611, 17.63875], [80.5476389, 17.63875], [80.5476389, 17.6384722], [80.5479167, 17.6384722], [80.5479167, 17.6381944], [80.5481944, 17.6381944], [80.5481944, 17.6379167], [80.54875, 17.6379167], [80.54875, 17.6373611], [80.5493056, 17.6373611], [80.5493056, 17.6376389], [80.5518056, 17.6376389], [80.5518056, 17.6373611], [80.5531944, 17.6373611], [80.5531944, 17.6370833], [80.55375, 17.6370833], [80.55375, 17.63625], [80.5540278, 17.63625], [80.5540278, 17.6359722], [80.5543056, 17.6359722], [80.5543056, 17.6356944], [80.5545833, 17.6356944], [80.5545833, 17.6354167], [80.5548611, 17.6354167], [80.5548611, 17.6351389], [80.5551389, 17.6351389], [80.5551389, 17.6340278], [80.5543056, 17.6340278], [80.5543056, 17.6343056], [80.5540278, 17.6343056], [80.5540278, 17.6340278], [80.5529167, 17.6340278], [80.5529167, 17.6343056], [80.5523611, 17.6343056], [80.5523611, 17.6345833], [80.5520833, 17.6345833], [80.5520833, 17.6343056], [80.55125, 17.6343056], [80.55125, 17.6345833], [80.5504167, 17.6345833], [80.5504167, 17.6343056], [80.5498611, 17.6343056], [80.5498611, 17.6340278], [80.5481944, 17.6340278], [80.5481944, 17.63375], [80.5476389, 17.63375], [80.5476389, 17.6340278], [80.5473611, 17.6340278], [80.5473611, 17.63375], [80.54625, 17.63375], [80.54625, 17.6334722], [80.5459722, 17.6334722], [80.5459722, 17.6331944], [80.5451389, 17.6331944], [80.5451389, 17.6329167], [80.5448611, 17.6329167], [80.5448611, 17.6326389], [80.5445833, 17.6326389], [80.5445833, 17.6323611], [80.5440278, 17.6323611], [80.5440278, 17.6298611], [80.54375, 17.6298611], [80.54375, 17.6290278], [80.5434722, 17.6290278], [80.5434722, 17.62875], [80.5440278, 17.62875], [80.5440278, 17.6290278], [80.5443056, 17.6290278], [80.5443056, 17.6293056], [80.5445833, 17.6293056], [80.5445833, 17.6295833], [80.5451389, 17.6295833], [80.5451389, 17.6298611], [80.5454167, 17.6298611], [80.5454167, 17.6301389], [80.54625, 17.6301389], [80.54625, 17.6304167], [80.5468056, 17.6304167], [80.5468056, 17.6309722], [80.5470833, 17.6309722], [80.5470833, 17.63125], [80.5468056, 17.63125], [80.5468056, 17.6315278], [80.5470833, 17.6315278], [80.5470833, 17.6318056], [80.5476389, 17.6318056], [80.5476389, 17.6315278], [80.5484722, 17.6315278], [80.5484722, 17.63125], [80.5481944, 17.63125], [80.5481944, 17.6306944], [80.5479167, 17.6306944], [80.5479167, 17.6304167], [80.5484722, 17.6304167], [80.5484722, 17.6301389], [80.5490278, 17.6301389], [80.5490278, 17.6290278], [80.54875, 17.6290278], [80.54875, 17.62875], [80.5481944, 17.62875], [80.5481944, 17.6290278], [80.5479167, 17.6290278], [80.5479167, 17.62875], [80.5473611, 17.62875], [80.5473611, 17.6281944], [80.5468056, 17.6281944], [80.5468056, 17.6279167], [80.5454167, 17.6279167], [80.5454167, 17.6281944], [80.5445833, 17.6281944], [80.5445833, 17.6284722], [80.54375, 17.6284722], [80.54375, 17.6276389], [80.54125, 17.6276389], [80.54125, 17.6273611], [80.5409722, 17.6273611], [80.5409722, 17.6270833], [80.5404167, 17.6270833], [80.5404167, 17.6268056], [80.5401389, 17.6268056], [80.5401389, 17.62625], [80.5398611, 17.62625], [80.5398611, 17.6254167], [80.5395833, 17.6254167], [80.5395833, 17.6251389], [80.5393056, 17.6251389], [80.5393056, 17.6248611], [80.5390278, 17.6248611], [80.5390278, 17.6243056], [80.53875, 17.6243056], [80.53875, 17.6226389], [80.5393056, 17.6226389], [80.5393056, 17.6223611], [80.54125, 17.6223611], [80.54125, 17.6201389], [80.5415278, 17.6201389], [80.5415278, 17.6198611], [80.5418056, 17.6198611], [80.5418056, 17.6195833], [80.5420833, 17.6195833], [80.5420833, 17.6193056], [80.5423611, 17.6193056], [80.5423611, 17.6190278], [80.5426389, 17.6190278], [80.5426389, 17.61875], [80.5431944, 17.61875], [80.5431944, 17.6184722], [80.5434722, 17.6184722], [80.5434722, 17.6179167], [80.54375, 17.6179167], [80.54375, 17.6176389], [80.5440278, 17.6176389], [80.5440278, 17.6173611], [80.5443056, 17.6173611], [80.5443056, 17.6168056], [80.5445833, 17.6168056], [80.5445833, 17.61625], [80.5448611, 17.61625], [80.5448611, 17.6159722], [80.5451389, 17.6159722], [80.5451389, 17.61625], [80.5459722, 17.61625], [80.5459722, 17.6159722], [80.54625, 17.6159722], [80.54625, 17.6156944], [80.5465278, 17.6156944], [80.5465278, 17.6154167], [80.5476389, 17.6154167], [80.5476389, 17.6148611], [80.5479167, 17.6148611], [80.5479167, 17.6145833], [80.5476389, 17.6145833], [80.5476389, 17.61375], [80.5479167, 17.61375], [80.5479167, 17.6131944], [80.5481944, 17.6131944], [80.5481944, 17.6123611], [80.5484722, 17.6123611], [80.5484722, 17.6120833], [80.54875, 17.6120833], [80.54875, 17.6118056], [80.5490278, 17.6118056], [80.5490278, 17.6115278], [80.5493056, 17.6115278], [80.5493056, 17.61125], [80.5495833, 17.61125], [80.5495833, 17.6073611], [80.5498611, 17.6073611], [80.5498611, 17.6070833], [80.5506944, 17.6070833], [80.5506944, 17.6068056], [80.5509722, 17.6068056], [80.5509722, 17.6065278], [80.55125, 17.6065278], [80.55125, 17.60625], [80.5515278, 17.60625], [80.5515278, 17.6059722], [80.5518056, 17.6059722], [80.5518056, 17.6056944], [80.5520833, 17.6056944], [80.5520833, 17.6054167], [80.5523611, 17.6054167], [80.5523611, 17.6051389], [80.5526389, 17.6051389], [80.5526389, 17.6048611], [80.5529167, 17.6048611], [80.5529167, 17.6045833], [80.5531944, 17.6045833], [80.5531944, 17.6043056], [80.5543056, 17.6043056], [80.5543056, 17.6040278], [80.5545833, 17.6040278], [80.5545833, 17.60375], [80.5551389, 17.60375], [80.5551389, 17.6023611], [80.5548611, 17.6023611], [80.5548611, 17.6026389], [80.5545833, 17.6026389], [80.5545833, 17.6023611], [80.5543056, 17.6023611], [80.5543056, 17.6020833], [80.5540278, 17.6020833], [80.5540278, 17.6018056], [80.55375, 17.6018056], [80.55375, 17.6015278], [80.5534722, 17.6015278], [80.5534722, 17.6009722], [80.5531944, 17.6009722], [80.5531944, 17.6006944], [80.5529167, 17.6006944], [80.5529167, 17.6004167], [80.5526389, 17.6004167], [80.5526389, 17.59875], [80.5523611, 17.59875], [80.5523611, 17.5984722], [80.5520833, 17.5984722], [80.5520833, 17.59625], [80.5498611, 17.59625], [80.5498611, 17.5959722], [80.5495833, 17.5959722], [80.5495833, 17.5954167], [80.5493056, 17.5954167], [80.5493056, 17.5951389], [80.54875, 17.5951389], [80.54875, 17.5948611], [80.5479167, 17.5948611], [80.5479167, 17.5931944], [80.5476389, 17.5931944], [80.5476389, 17.5929167], [80.5473611, 17.5929167], [80.5473611, 17.5909722], [80.5470833, 17.5909722], [80.5470833, 17.5906944], [80.54625, 17.5906944], [80.54625, 17.5895833], [80.5459722, 17.5895833], [80.5459722, 17.5884722], [80.54625, 17.5884722], [80.54625, 17.5879167], [80.5459722, 17.5879167], [80.5459722, 17.5876389], [80.5456944, 17.5876389], [80.5456944, 17.5873611], [80.5445833, 17.5873611], [80.5445833, 17.5881944], [80.5448611, 17.5881944], [80.5448611, 17.5890278], [80.5451389, 17.5890278], [80.5451389, 17.5895833], [80.5454167, 17.5895833], [80.5454167, 17.5904167], [80.5451389, 17.5904167], [80.5451389, 17.5909722], [80.5454167, 17.5909722], [80.5454167, 17.5926389], [80.5451389, 17.5926389], [80.5451389, 17.5929167], [80.5445833, 17.5929167], [80.5445833, 17.5931944], [80.5443056, 17.5931944], [80.5443056, 17.5934722], [80.54375, 17.5934722], [80.54375, 17.59375], [80.5434722, 17.59375], [80.5434722, 17.5940278], [80.5429167, 17.5940278], [80.5429167, 17.5943056], [80.5426389, 17.5943056], [80.5426389, 17.5945833], [80.5423611, 17.5945833], [80.5423611, 17.5943056], [80.5420833, 17.5943056], [80.5420833, 17.5940278], [80.5415278, 17.5940278], [80.5415278, 17.5943056], [80.54125, 17.5943056], [80.54125, 17.5945833], [80.5404167, 17.5945833], [80.5404167, 17.5943056], [80.5401389, 17.5943056], [80.5401389, 17.5940278], [80.5398611, 17.5940278], [80.5398611, 17.59375], [80.5395833, 17.59375], [80.5395833, 17.5934722], [80.5393056, 17.5934722], [80.5393056, 17.5931944], [80.5390278, 17.5931944], [80.5390278, 17.5929167], [80.53875, 17.5929167], [80.53875, 17.5926389], [80.5384722, 17.5926389], [80.5384722, 17.5923611], [80.5370833, 17.5923611], [80.5370833, 17.5926389], [80.5368056, 17.5926389], [80.5368056, 17.5929167], [80.53625, 17.5929167], [80.53625, 17.5926389], [80.5356944, 17.5926389], [80.5356944, 17.5923611], [80.5354167, 17.5923611], [80.5354167, 17.5920833], [80.5348611, 17.5920833], [80.5348611, 17.5918056], [80.5343056, 17.5918056], [80.5343056, 17.5920833], [80.53125, 17.5920833], [80.53125, 17.5923611], [80.5309722, 17.5923611], [80.5309722, 17.5926389], [80.5295833, 17.5926389], [80.5295833, 17.5931944], [80.5293056, 17.5931944], [80.5293056, 17.5934722], [80.5290278, 17.5934722], [80.5290278, 17.59375], [80.52875, 17.59375], [80.52875, 17.5940278], [80.5281944, 17.5940278], [80.5281944, 17.5951389], [80.5268056, 17.5951389], [80.5268056, 17.5954167], [80.5265278, 17.5954167], [80.5265278, 17.5956944], [80.52625, 17.5956944], [80.52625, 17.5959722], [80.5259722, 17.5959722], [80.5259722, 17.59625], [80.5248611, 17.59625], [80.5248611, 17.5965278], [80.5240278, 17.5965278], [80.5240278, 17.59625], [80.5243056, 17.59625], [80.5243056, 17.5954167], [80.5245833, 17.5954167], [80.5245833, 17.5948611], [80.5248611, 17.5948611], [80.5248611, 17.5945833], [80.5251389, 17.5945833], [80.5251389, 17.5940278], [80.5248611, 17.5940278], [80.5248611, 17.59375], [80.5251389, 17.59375], [80.5251389, 17.5931944], [80.5254167, 17.5931944], [80.5254167, 17.5929167], [80.5256944, 17.5929167], [80.5256944, 17.5923611], [80.5254167, 17.5923611], [80.5254167, 17.5909722], [80.5256944, 17.5909722], [80.5256944, 17.5906944], [80.5259722, 17.5906944], [80.5259722, 17.5901389], [80.52625, 17.5901389], [80.52625, 17.5898611], [80.5259722, 17.5898611], [80.5259722, 17.5895833], [80.5256944, 17.5895833], [80.5256944, 17.5890278], [80.5251389, 17.5890278], [80.5251389, 17.5893056], [80.5234722, 17.5893056], [80.5234722, 17.5890278], [80.5231944, 17.5890278], [80.5231944, 17.58875], [80.5229167, 17.58875], [80.5229167, 17.5884722], [80.5231944, 17.5884722], [80.5231944, 17.5876389], [80.5234722, 17.5876389], [80.5234722, 17.5873611], [80.5231944, 17.5873611], [80.5231944, 17.5865278], [80.5226389, 17.5865278], [80.5226389, 17.58625], [80.5223611, 17.58625], [80.5223611, 17.5856944], [80.5220833, 17.5856944], [80.5220833, 17.5843056], [80.5218056, 17.5843056], [80.5218056, 17.5840278], [80.5215278, 17.5840278], [80.5215278, 17.58375], [80.52125, 17.58375], [80.52125, 17.5829167], [80.5215278, 17.5829167], [80.5215278, 17.5823611], [80.52125, 17.5823611], [80.52125, 17.5818056], [80.5215278, 17.5818056], [80.5215278, 17.5820833], [80.5220833, 17.5820833], [80.5220833, 17.5826389], [80.5226389, 17.5826389], [80.5226389, 17.5823611], [80.5229167, 17.5823611], [80.5229167, 17.5820833], [80.52375, 17.5820833], [80.52375, 17.5806944], [80.5231944, 17.5806944], [80.5231944, 17.5804167], [80.5229167, 17.5804167], [80.5229167, 17.5801389], [80.5226389, 17.5801389], [80.5226389, 17.5798611], [80.5223611, 17.5798611], [80.5223611, 17.5795833], [80.5220833, 17.5795833], [80.5220833, 17.5793056], [80.5218056, 17.5793056], [80.5218056, 17.5790278], [80.5215278, 17.5790278], [80.5215278, 17.57875], [80.52125, 17.57875], [80.52125, 17.5781944], [80.5206944, 17.5781944], [80.5206944, 17.5776389], [80.52125, 17.5776389], [80.52125, 17.5773611], [80.5218056, 17.5773611], [80.5218056, 17.5770833], [80.5220833, 17.5770833], [80.5220833, 17.5765278], [80.5218056, 17.5765278], [80.5218056, 17.5745833], [80.5220833, 17.5745833], [80.5220833, 17.5740278], [80.5223611, 17.5740278], [80.5223611, 17.57375], [80.5226389, 17.57375], [80.5226389, 17.5734722], [80.5229167, 17.5734722], [80.5229167, 17.5731944], [80.5231944, 17.5731944], [80.5231944, 17.5729167], [80.5234722, 17.5729167], [80.5234722, 17.5726389], [80.52375, 17.5726389], [80.52375, 17.5723611], [80.5240278, 17.5723611], [80.5240278, 17.5718056], [80.5243056, 17.5718056], [80.5243056, 17.5709722], [80.5240278, 17.5709722], [80.5240278, 17.5704167], [80.5243056, 17.5704167], [80.5243056, 17.5690278], [80.5245833, 17.5690278], [80.5245833, 17.56875], [80.52375, 17.56875], [80.52375, 17.5684722], [80.5231944, 17.5684722], [80.5231944, 17.5681944], [80.5226389, 17.5681944], [80.5226389, 17.5679167], [80.5223611, 17.5679167], [80.5223611, 17.5673611], [80.5209722, 17.5673611], [80.5209722, 17.5670833], [80.5198611, 17.5670833], [80.5198611, 17.5668056], [80.5195833, 17.5668056], [80.5195833, 17.5670833], [80.5193056, 17.5670833], [80.5193056, 17.5668056], [80.51625, 17.5668056], [80.51625, 17.5670833], [80.5145833, 17.5670833], [80.5145833, 17.5673611], [80.51375, 17.5673611], [80.51375, 17.5670833], [80.5129167, 17.5670833], [80.5129167, 17.5668056], [80.5126389, 17.5668056], [80.5126389, 17.5659722], [80.5129167, 17.5659722], [80.5129167, 17.5656944], [80.5131944, 17.5656944], [80.5131944, 17.5654167], [80.5134722, 17.5654167], [80.5134722, 17.5651389], [80.51375, 17.5651389], [80.51375, 17.5648611], [80.5140278, 17.5648611], [80.5140278, 17.5640278], [80.5143056, 17.5640278], [80.5143056, 17.5634722], [80.5148611, 17.5634722], [80.5148611, 17.5631944], [80.5151389, 17.5631944], [80.5151389, 17.5634722], [80.5165278, 17.5634722], [80.5165278, 17.5629167], [80.5168056, 17.5629167], [80.5168056, 17.5626389], [80.5165278, 17.5626389], [80.5165278, 17.5623611], [80.51625, 17.5623611], [80.51625, 17.5620833], [80.5156944, 17.5620833], [80.5156944, 17.5618056], [80.5154167, 17.5618056], [80.5154167, 17.5609722], [80.5151389, 17.5609722], [80.5151389, 17.5598611], [80.5148611, 17.5598611], [80.5148611, 17.5590278], [80.5151389, 17.5590278], [80.5151389, 17.5579167], [80.5148611, 17.5579167], [80.5148611, 17.5568056], [80.5151389, 17.5568056], [80.5151389, 17.5559722], [80.5154167, 17.5559722], [80.5154167, 17.5556944], [80.5156944, 17.5556944], [80.5156944, 17.5551389], [80.5159722, 17.5551389], [80.5159722, 17.55375], [80.5156944, 17.55375], [80.5156944, 17.5534722], [80.5159722, 17.5534722], [80.5159722, 17.5529167], [80.5156944, 17.5529167], [80.5156944, 17.5520833], [80.5159722, 17.5520833], [80.5159722, 17.5515278], [80.5156944, 17.5515278], [80.5156944, 17.55125], [80.5154167, 17.55125], [80.5154167, 17.5509722], [80.5151389, 17.5509722], [80.5151389, 17.5506944], [80.5148611, 17.5506944], [80.5148611, 17.5504167], [80.5143056, 17.5504167], [80.5143056, 17.5501389], [80.5145833, 17.5501389], [80.5145833, 17.5498611], [80.51625, 17.5498611], [80.51625, 17.5495833], [80.5173611, 17.5495833], [80.5173611, 17.5504167], [80.5176389, 17.5504167], [80.5176389, 17.5506944], [80.5179167, 17.5506944], [80.5179167, 17.5509722], [80.5181944, 17.5509722], [80.5181944, 17.55125], [80.5193056, 17.55125], [80.5193056, 17.5509722], [80.5195833, 17.5509722], [80.5195833, 17.5506944], [80.5193056, 17.5506944], [80.5193056, 17.5495833], [80.5190278, 17.5495833], [80.5190278, 17.5493056], [80.5193056, 17.5493056], [80.5193056, 17.5490278], [80.5195833, 17.5490278], [80.5195833, 17.54875], [80.5193056, 17.54875], [80.5193056, 17.5470833], [80.51875, 17.5470833], [80.51875, 17.5473611], [80.5184722, 17.5473611], [80.5184722, 17.5476389], [80.5170833, 17.5476389], [80.5170833, 17.5473611], [80.5165278, 17.5473611], [80.5165278, 17.5470833], [80.5154167, 17.5470833], [80.5154167, 17.5468056], [80.5151389, 17.5468056], [80.5151389, 17.5465278], [80.5143056, 17.5465278], [80.5143056, 17.5473611], [80.5140278, 17.5473611], [80.5140278, 17.5479167], [80.51375, 17.5479167], [80.51375, 17.5495833], [80.5134722, 17.5495833], [80.5134722, 17.5498611], [80.5129167, 17.5498611], [80.5129167, 17.5504167], [80.5123611, 17.5504167], [80.5123611, 17.5506944], [80.5104167, 17.5506944], [80.5104167, 17.5509722], [80.5093056, 17.5509722], [80.5093056, 17.55125], [80.5076389, 17.55125], [80.5076389, 17.5515278], [80.5068056, 17.5515278], [80.5068056, 17.5518056], [80.50625, 17.5518056], [80.50625, 17.5520833], [80.5059722, 17.5520833], [80.5059722, 17.5523611], [80.5048611, 17.5523611], [80.5048611, 17.55125], [80.5045833, 17.55125], [80.5045833, 17.5509722], [80.5043056, 17.5509722], [80.5043056, 17.5506944], [80.5040278, 17.5506944], [80.5040278, 17.5481944], [80.5043056, 17.5481944], [80.5043056, 17.5445833], [80.5040278, 17.5445833], [80.5040278, 17.5443056], [80.5026389, 17.5443056], [80.5026389, 17.5431944], [80.5020833, 17.5431944], [80.5020833, 17.5423611], [80.5015278, 17.5423611], [80.5015278, 17.5415278], [80.5009722, 17.5415278], [80.5009722, 17.5418056], [80.4998611, 17.5418056], [80.4998611, 17.5415278], [80.4993056, 17.5415278], [80.4993056, 17.5418056], [80.49875, 17.5418056], [80.49875, 17.5415278], [80.4981944, 17.5415278], [80.4981944, 17.5420833], [80.4979167, 17.5420833], [80.4979167, 17.5423611], [80.4973611, 17.5423611], [80.4973611, 17.5429167], [80.4968056, 17.5429167], [80.4968056, 17.54375], [80.4954167, 17.54375], [80.4954167, 17.5434722], [80.4934722, 17.5434722], [80.4934722, 17.54375], [80.4931944, 17.54375], [80.4931944, 17.5434722], [80.4929167, 17.5434722], [80.4929167, 17.5431944], [80.4926389, 17.5431944], [80.4926389, 17.5426389], [80.4923611, 17.5426389], [80.4923611, 17.5401389], [80.4915278, 17.5401389], [80.4915278, 17.5393056], [80.4918056, 17.5393056], [80.4918056, 17.53875], [80.4920833, 17.53875], [80.4920833, 17.5390278], [80.4923611, 17.5390278], [80.4923611, 17.53875], [80.49375, 17.53875], [80.49375, 17.5376389], [80.4934722, 17.5376389], [80.4934722, 17.5373611], [80.4931944, 17.5373611], [80.4931944, 17.5370833], [80.4929167, 17.5370833], [80.4929167, 17.53625], [80.4931944, 17.53625], [80.4931944, 17.5359722], [80.4929167, 17.5359722], [80.4929167, 17.5354167], [80.4931944, 17.5354167], [80.4931944, 17.5351389], [80.4943056, 17.5351389], [80.4943056, 17.53375], [80.4945833, 17.53375], [80.4945833, 17.5334722], [80.4951389, 17.5334722], [80.4951389, 17.5329167], [80.4954167, 17.5329167], [80.4954167, 17.5323611], [80.4959722, 17.5323611], [80.4959722, 17.5320833], [80.4970833, 17.5320833], [80.4970833, 17.5318056], [80.4973611, 17.5318056], [80.4973611, 17.5315278], [80.4979167, 17.5315278], [80.4979167, 17.53125], [80.4981944, 17.53125], [80.4981944, 17.5315278], [80.4984722, 17.5315278], [80.4984722, 17.5318056], [80.4990278, 17.5318056], [80.4990278, 17.5315278], [80.5001389, 17.5315278], [80.5001389, 17.53125], [80.50125, 17.53125], [80.50125, 17.5315278], [80.5015278, 17.5315278], [80.5015278, 17.5318056], [80.5020833, 17.5318056], [80.5020833, 17.5320833], [80.5026389, 17.5320833], [80.5026389, 17.5309722], [80.5029167, 17.5309722], [80.5029167, 17.5306944], [80.5031944, 17.5306944], [80.5031944, 17.5304167], [80.5034722, 17.5304167], [80.5034722, 17.5301389], [80.5045833, 17.5301389], [80.5045833, 17.5298611], [80.5043056, 17.5298611], [80.5043056, 17.5293056], [80.5040278, 17.5293056], [80.5040278, 17.5281944], [80.50375, 17.5281944], [80.50375, 17.5270833], [80.5031944, 17.5270833], [80.5031944, 17.5268056], [80.5026389, 17.5268056], [80.5026389, 17.5265278], [80.5023611, 17.5265278], [80.5023611, 17.52625], [80.5018056, 17.52625], [80.5018056, 17.5265278], [80.50125, 17.5265278], [80.50125, 17.5256944], [80.5015278, 17.5256944], [80.5015278, 17.5248611], [80.5009722, 17.5248611], [80.5009722, 17.5245833], [80.5006944, 17.5245833], [80.5006944, 17.5229167], [80.5009722, 17.5229167], [80.5009722, 17.5218056], [80.5006944, 17.5218056], [80.5006944, 17.5215278], [80.5004167, 17.5215278], [80.5004167, 17.5209722], [80.5006944, 17.5209722], [80.5006944, 17.5206944], [80.50125, 17.5206944], [80.50125, 17.5201389], [80.5015278, 17.5201389], [80.5015278, 17.5190278], [80.5018056, 17.5190278], [80.5018056, 17.5198611], [80.5020833, 17.5198611], [80.5020833, 17.5204167], [80.5023611, 17.5204167], [80.5023611, 17.5206944], [80.5029167, 17.5206944], [80.5029167, 17.5209722], [80.5031944, 17.5209722], [80.5031944, 17.52125], [80.5034722, 17.52125], [80.5034722, 17.5215278], [80.50375, 17.5215278], [80.50375, 17.5220833], [80.5045833, 17.5220833], [80.5045833, 17.5223611], [80.5048611, 17.5223611], [80.5048611, 17.5229167], [80.5054167, 17.5229167], [80.5054167, 17.5231944], [80.5056944, 17.5231944], [80.5056944, 17.5234722], [80.5059722, 17.5234722], [80.5059722, 17.52375], [80.50625, 17.52375], [80.50625, 17.5240278], [80.5068056, 17.5240278], [80.5068056, 17.52375], [80.5073611, 17.52375], [80.5073611, 17.5240278], [80.5084722, 17.5240278], [80.5084722, 17.5234722], [80.50875, 17.5234722], [80.50875, 17.5226389], [80.5090278, 17.5226389], [80.5090278, 17.5220833], [80.5093056, 17.5220833], [80.5093056, 17.5218056], [80.5095833, 17.5218056], [80.5095833, 17.5206944], [80.51125, 17.5206944], [80.51125, 17.5201389], [80.5115278, 17.5201389], [80.5115278, 17.5198611], [80.5120833, 17.5198611], [80.5120833, 17.5195833], [80.5123611, 17.5195833], [80.5123611, 17.5193056], [80.5126389, 17.5193056], [80.5126389, 17.5195833], [80.5129167, 17.5195833], [80.5129167, 17.5198611], [80.5131944, 17.5198611], [80.5131944, 17.5204167], [80.5134722, 17.5204167], [80.5134722, 17.5209722], [80.5131944, 17.5209722], [80.5131944, 17.52125], [80.5134722, 17.52125], [80.5134722, 17.5226389], [80.5131944, 17.5226389], [80.5131944, 17.5234722], [80.5129167, 17.5234722], [80.5129167, 17.52375], [80.5126389, 17.52375], [80.5126389, 17.5240278], [80.5118056, 17.5240278], [80.5118056, 17.5243056], [80.5115278, 17.5243056], [80.5115278, 17.5248611], [80.51125, 17.5248611], [80.51125, 17.5254167], [80.5115278, 17.5254167], [80.5115278, 17.5259722], [80.5118056, 17.5259722], [80.5118056, 17.52625], [80.5120833, 17.52625], [80.5120833, 17.5273611], [80.5123611, 17.5273611], [80.5123611, 17.5276389], [80.5131944, 17.5276389], [80.5131944, 17.5279167], [80.5134722, 17.5279167], [80.5134722, 17.5281944], [80.51375, 17.5281944], [80.51375, 17.5279167], [80.5143056, 17.5279167], [80.5143056, 17.5276389], [80.5154167, 17.5276389], [80.5154167, 17.5273611], [80.5156944, 17.5273611], [80.5156944, 17.5270833], [80.5159722, 17.5270833], [80.5159722, 17.5268056], [80.5165278, 17.5268056], [80.5165278, 17.5251389], [80.51625, 17.5251389], [80.51625, 17.5248611], [80.5181944, 17.5248611], [80.5181944, 17.5251389], [80.5198611, 17.5251389], [80.5198611, 17.5245833], [80.5204167, 17.5245833], [80.5204167, 17.5240278], [80.5218056, 17.5240278], [80.5218056, 17.52375], [80.5220833, 17.52375], [80.5220833, 17.5231944], [80.5231944, 17.5231944], [80.5231944, 17.5243056], [80.5229167, 17.5243056], [80.5229167, 17.5248611], [80.5226389, 17.5248611], [80.5226389, 17.5251389], [80.5223611, 17.5251389], [80.5223611, 17.5254167], [80.5226389, 17.5254167], [80.5226389, 17.5256944], [80.5229167, 17.5256944], [80.5229167, 17.5259722], [80.5231944, 17.5259722], [80.5231944, 17.52625], [80.5245833, 17.52625], [80.5245833, 17.5265278], [80.5248611, 17.5265278], [80.5248611, 17.5268056], [80.5245833, 17.5268056], [80.5245833, 17.5270833], [80.5243056, 17.5270833], [80.5243056, 17.52875], [80.5245833, 17.52875], [80.5245833, 17.5290278], [80.5256944, 17.5290278], [80.5256944, 17.5284722], [80.5265278, 17.5284722], [80.5265278, 17.5279167], [80.5270833, 17.5279167], [80.5270833, 17.5268056], [80.5276389, 17.5268056], [80.5276389, 17.5273611], [80.5273611, 17.5273611], [80.5273611, 17.5279167], [80.5281944, 17.5279167], [80.5281944, 17.5284722], [80.5273611, 17.5284722], [80.5273611, 17.5295833], [80.5276389, 17.5295833], [80.5276389, 17.5298611], [80.5279167, 17.5298611], [80.5279167, 17.5304167], [80.5281944, 17.5304167], [80.5281944, 17.5306944], [80.5284722, 17.5306944], [80.5284722, 17.5298611], [80.52875, 17.5298611], [80.52875, 17.5284722], [80.5284722, 17.5284722], [80.5284722, 17.5281944], [80.52875, 17.5281944], [80.52875, 17.5273611], [80.5290278, 17.5273611], [80.5290278, 17.5268056], [80.5293056, 17.5268056], [80.5293056, 17.5265278], [80.5284722, 17.5265278], [80.5284722, 17.5259722], [80.52875, 17.5259722], [80.52875, 17.5254167], [80.5284722, 17.5254167], [80.5284722, 17.5251389], [80.5290278, 17.5251389], [80.5290278, 17.5243056], [80.5293056, 17.5243056], [80.5293056, 17.5231944], [80.5295833, 17.5231944], [80.5295833, 17.5223611], [80.5298611, 17.5223611], [80.5298611, 17.5220833], [80.5301389, 17.5220833], [80.5301389, 17.5215278], [80.5306944, 17.5215278], [80.5306944, 17.5204167], [80.5309722, 17.5204167], [80.5309722, 17.5201389], [80.53125, 17.5201389], [80.53125, 17.5198611], [80.5315278, 17.5198611], [80.5315278, 17.5195833], [80.5318056, 17.5195833], [80.5318056, 17.5193056], [80.5320833, 17.5193056], [80.5320833, 17.5190278], [80.5329167, 17.5190278], [80.5329167, 17.51875], [80.5331944, 17.51875], [80.5331944, 17.5184722], [80.5334722, 17.5184722], [80.5334722, 17.5181944], [80.53375, 17.5181944], [80.53375, 17.5179167], [80.5340278, 17.5179167], [80.5340278, 17.5173611], [80.5343056, 17.5173611], [80.5343056, 17.5168056], [80.5345833, 17.5168056], [80.5345833, 17.5154167], [80.5348611, 17.5154167], [80.5348611, 17.5143056], [80.5351389, 17.5143056], [80.5351389, 17.5134722], [80.5348611, 17.5134722], [80.5348611, 17.5126389], [80.5345833, 17.5126389], [80.5345833, 17.5120833], [80.5343056, 17.5120833], [80.5343056, 17.5118056], [80.5340278, 17.5118056], [80.5340278, 17.5115278], [80.53375, 17.5115278], [80.53375, 17.5109722], [80.5331944, 17.5109722], [80.5331944, 17.5104167], [80.5329167, 17.5104167], [80.5329167, 17.5098611], [80.5326389, 17.5098611], [80.5326389, 17.5095833], [80.5323611, 17.5095833], [80.5323611, 17.5093056], [80.5320833, 17.5093056], [80.5320833, 17.5090278], [80.5318056, 17.5090278], [80.5318056, 17.50875], [80.53125, 17.50875], [80.53125, 17.5084722], [80.5309722, 17.5084722], [80.5309722, 17.5081944], [80.5298611, 17.5081944], [80.5298611, 17.5079167], [80.5279167, 17.5079167], [80.5279167, 17.5073611], [80.5281944, 17.5073611], [80.5281944, 17.5068056], [80.5284722, 17.5068056], [80.5284722, 17.5065278], [80.52875, 17.5065278], [80.52875, 17.50625], [80.5290278, 17.50625], [80.5290278, 17.5059722], [80.5293056, 17.5059722], [80.5293056, 17.5054167], [80.5295833, 17.5054167], [80.5295833, 17.5051389], [80.5298611, 17.5051389], [80.5298611, 17.5043056], [80.5304167, 17.5043056], [80.5304167, 17.5040278], [80.5306944, 17.5040278], [80.5306944, 17.5034722], [80.5309722, 17.5034722], [80.5309722, 17.5029167], [80.5320833, 17.5029167], [80.5320833, 17.5031944], [80.5329167, 17.5031944], [80.5329167, 17.5034722], [80.5340278, 17.5034722], [80.5340278, 17.5031944], [80.5343056, 17.5031944], [80.5343056, 17.5029167], [80.5345833, 17.5029167], [80.5345833, 17.5026389], [80.5348611, 17.5026389], [80.5348611, 17.5023611], [80.5351389, 17.5023611], [80.5351389, 17.5020833], [80.5354167, 17.5020833], [80.5354167, 17.5018056], [80.5356944, 17.5018056], [80.5356944, 17.5015278], [80.5359722, 17.5015278], [80.5359722, 17.50125], [80.53625, 17.50125], [80.53625, 17.4993056], [80.5359722, 17.4993056], [80.5359722, 17.4990278], [80.5356944, 17.4990278], [80.5356944, 17.49875], [80.5351389, 17.49875], [80.5351389, 17.4990278], [80.53375, 17.4990278], [80.53375, 17.4993056], [80.5329167, 17.4993056], [80.5329167, 17.4998611], [80.5323611, 17.4998611], [80.5323611, 17.5001389], [80.5320833, 17.5001389], [80.5320833, 17.5004167], [80.5318056, 17.5004167], [80.5318056, 17.5009722], [80.5315278, 17.5009722], [80.5315278, 17.5015278], [80.53125, 17.5015278], [80.53125, 17.5018056], [80.5309722, 17.5018056], [80.5309722, 17.5015278], [80.5306944, 17.5015278], [80.5306944, 17.50125], [80.5309722, 17.50125], [80.5309722, 17.5006944], [80.5306944, 17.5006944], [80.5306944, 17.5001389], [80.5304167, 17.5001389], [80.5304167, 17.4993056], [80.5301389, 17.4993056], [80.5301389, 17.49875], [80.5298611, 17.49875], [80.5298611, 17.4984722], [80.5295833, 17.4984722], [80.5295833, 17.4979167], [80.5293056, 17.4979167], [80.5293056, 17.4976389], [80.52875, 17.4976389], [80.52875, 17.4979167], [80.5276389, 17.4979167], [80.5276389, 17.4990278], [80.52625, 17.4990278], [80.52625, 17.4993056], [80.5256944, 17.4993056], [80.5256944, 17.4979167], [80.5259722, 17.4979167], [80.5259722, 17.4968056], [80.5256944, 17.4968056], [80.5256944, 17.4970833], [80.5251389, 17.4970833], [80.5251389, 17.4973611], [80.5248611, 17.4973611], [80.5248611, 17.4976389], [80.5240278, 17.4976389], [80.5240278, 17.4979167], [80.52375, 17.4979167], [80.52375, 17.4981944], [80.5234722, 17.4981944], [80.5234722, 17.4984722], [80.5218056, 17.4984722], [80.5218056, 17.49875], [80.5215278, 17.49875], [80.5215278, 17.4990278], [80.52125, 17.4990278], [80.52125, 17.4993056], [80.5206944, 17.4993056], [80.5206944, 17.4995833], [80.5201389, 17.4995833], [80.5201389, 17.4993056], [80.5198611, 17.4993056], [80.5198611, 17.4990278], [80.5193056, 17.4990278], [80.5193056, 17.49875], [80.5184722, 17.49875], [80.5184722, 17.4984722], [80.5168056, 17.4984722], [80.5168056, 17.4981944], [80.5154167, 17.4981944], [80.5154167, 17.4984722], [80.5151389, 17.4984722], [80.5151389, 17.4979167], [80.5156944, 17.4979167], [80.5156944, 17.4976389], [80.5159722, 17.4976389], [80.5159722, 17.4973611], [80.5156944, 17.4973611], [80.5156944, 17.4970833], [80.5154167, 17.4970833], [80.5154167, 17.4965278], [80.5156944, 17.4965278], [80.5156944, 17.49625], [80.5159722, 17.49625], [80.5159722, 17.4959722], [80.51625, 17.4959722], [80.51625, 17.4956944], [80.5165278, 17.4956944], [80.5165278, 17.4954167], [80.5168056, 17.4954167], [80.5168056, 17.4951389], [80.5170833, 17.4951389], [80.5170833, 17.4948611], [80.5173611, 17.4948611], [80.5173611, 17.4945833], [80.5176389, 17.4945833], [80.5176389, 17.4934722], [80.5179167, 17.4934722], [80.5179167, 17.4929167], [80.5184722, 17.4929167], [80.5184722, 17.4926389], [80.51875, 17.4926389], [80.51875, 17.4923611], [80.5190278, 17.4923611], [80.5190278, 17.4915278], [80.5193056, 17.4915278], [80.5193056, 17.4904167], [80.5206944, 17.4904167], [80.5206944, 17.4901389], [80.52125, 17.4901389], [80.52125, 17.4898611], [80.5209722, 17.4898611], [80.5209722, 17.4893056], [80.5206944, 17.4893056], [80.5206944, 17.4890278], [80.5204167, 17.4890278], [80.5204167, 17.4893056], [80.5198611, 17.4893056], [80.5198611, 17.4895833], [80.5195833, 17.4895833], [80.5195833, 17.4898611], [80.5190278, 17.4898611], [80.5190278, 17.4901389], [80.5184722, 17.4901389], [80.5184722, 17.4904167], [80.5181944, 17.4904167], [80.5181944, 17.4906944], [80.5176389, 17.4906944], [80.5176389, 17.49125], [80.5170833, 17.49125], [80.5170833, 17.4915278], [80.5168056, 17.4915278], [80.5168056, 17.4918056], [80.5165278, 17.4918056], [80.5165278, 17.4920833], [80.5159722, 17.4920833], [80.5159722, 17.4923611], [80.5148611, 17.4923611], [80.5148611, 17.4926389], [80.5143056, 17.4926389], [80.5143056, 17.4920833], [80.5145833, 17.4920833], [80.5145833, 17.4918056], [80.5148611, 17.4918056], [80.5148611, 17.4909722], [80.5151389, 17.4909722], [80.5151389, 17.4901389], [80.5145833, 17.4901389], [80.5145833, 17.4890278], [80.5148611, 17.4890278], [80.5148611, 17.48875], [80.5151389, 17.48875], [80.5151389, 17.4879167], [80.5154167, 17.4879167], [80.5154167, 17.4870833], [80.5156944, 17.4870833], [80.5156944, 17.4859722], [80.5159722, 17.4859722], [80.5159722, 17.4848611], [80.51625, 17.4848611], [80.51625, 17.4831944], [80.5148611, 17.4831944], [80.5148611, 17.4829167], [80.5143056, 17.4829167], [80.5143056, 17.4831944], [80.5140278, 17.4831944], [80.5140278, 17.48375], [80.5134722, 17.48375], [80.5134722, 17.4840278], [80.5120833, 17.4840278], [80.5120833, 17.4843056], [80.5109722, 17.4843056], [80.5109722, 17.4845833], [80.5095833, 17.4845833], [80.5095833, 17.4848611], [80.5090278, 17.4848611], [80.5090278, 17.4843056], [80.5093056, 17.4843056], [80.5093056, 17.4840278], [80.5095833, 17.4840278], [80.5095833, 17.48375], [80.5101389, 17.48375], [80.5101389, 17.4834722], [80.5109722, 17.4834722], [80.5109722, 17.4831944], [80.51125, 17.4831944], [80.51125, 17.4829167], [80.5115278, 17.4829167], [80.5115278, 17.4826389], [80.5118056, 17.4826389], [80.5118056, 17.4823611], [80.5120833, 17.4823611], [80.5120833, 17.4820833], [80.5126389, 17.4820833], [80.5126389, 17.48125], [80.5129167, 17.48125], [80.5129167, 17.4809722], [80.5131944, 17.4809722], [80.5131944, 17.4806944], [80.5134722, 17.4806944], [80.5134722, 17.4804167], [80.51375, 17.4804167], [80.51375, 17.4801389], [80.5140278, 17.4801389], [80.5140278, 17.4798611], [80.5143056, 17.4798611], [80.5143056, 17.47875], [80.5134722, 17.47875], [80.5134722, 17.4790278], [80.5123611, 17.4790278], [80.5123611, 17.4793056], [80.5115278, 17.4793056], [80.5115278, 17.4795833], [80.51125, 17.4795833], [80.51125, 17.4798611], [80.5104167, 17.4798611], [80.5104167, 17.4801389], [80.5098611, 17.4801389], [80.5098611, 17.4804167], [80.5090278, 17.4804167], [80.5090278, 17.4806944], [80.5084722, 17.4806944], [80.5084722, 17.4809722], [80.5076389, 17.4809722], [80.5076389, 17.48125], [80.5073611, 17.48125], [80.5073611, 17.4815278], [80.5065278, 17.4815278], [80.5065278, 17.48125], [80.5056944, 17.48125], [80.5056944, 17.4815278], [80.5054167, 17.4815278], [80.5054167, 17.4818056], [80.5048611, 17.4818056], [80.5048611, 17.4826389], [80.5045833, 17.4826389], [80.5045833, 17.4829167], [80.5043056, 17.4829167], [80.5043056, 17.4831944], [80.5040278, 17.4831944], [80.5040278, 17.48375], [80.50375, 17.48375], [80.50375, 17.4843056], [80.5034722, 17.4843056], [80.5034722, 17.4845833], [80.5031944, 17.4845833], [80.5031944, 17.4848611], [80.5029167, 17.4848611], [80.5029167, 17.4854167], [80.5026389, 17.4854167], [80.5026389, 17.4859722], [80.5023611, 17.4859722], [80.5023611, 17.48625], [80.5020833, 17.48625], [80.5020833, 17.4865278], [80.5023611, 17.4865278], [80.5023611, 17.4868056], [80.5026389, 17.4868056], [80.5026389, 17.4870833], [80.5029167, 17.4870833], [80.5029167, 17.4873611], [80.5031944, 17.4873611], [80.5031944, 17.4876389], [80.5034722, 17.4876389], [80.5034722, 17.4890278], [80.5031944, 17.4890278], [80.5031944, 17.4893056], [80.5029167, 17.4893056], [80.5029167, 17.4895833], [80.5026389, 17.4895833], [80.5026389, 17.4898611], [80.5023611, 17.4898611], [80.5023611, 17.4901389], [80.5020833, 17.4901389], [80.5020833, 17.4904167], [80.5018056, 17.4904167], [80.5018056, 17.4901389], [80.5015278, 17.4901389], [80.5015278, 17.4898611], [80.5006944, 17.4898611], [80.5006944, 17.4895833], [80.5004167, 17.4895833], [80.5004167, 17.4893056], [80.4995833, 17.4893056], [80.4995833, 17.4890278], [80.4990278, 17.4890278], [80.4990278, 17.48875], [80.49875, 17.48875], [80.49875, 17.4884722], [80.4984722, 17.4884722], [80.4984722, 17.4881944], [80.4981944, 17.4881944], [80.4981944, 17.4879167], [80.4970833, 17.4879167], [80.4970833, 17.4876389], [80.4968056, 17.4876389], [80.4968056, 17.4873611], [80.4965278, 17.4873611], [80.4965278, 17.48625], [80.4968056, 17.48625], [80.4968056, 17.4851389], [80.4973611, 17.4851389], [80.4973611, 17.4848611], [80.4976389, 17.4848611], [80.4976389, 17.4845833], [80.4984722, 17.4845833], [80.4984722, 17.4840278], [80.49875, 17.4840278], [80.49875, 17.48375], [80.4990278, 17.48375], [80.4990278, 17.4834722], [80.4993056, 17.4834722], [80.4993056, 17.4823611], [80.4995833, 17.4823611], [80.4995833, 17.4820833], [80.4998611, 17.4820833], [80.4998611, 17.4781944], [80.5001389, 17.4781944], [80.5001389, 17.4770833], [80.5004167, 17.4770833], [80.5004167, 17.4768056], [80.5009722, 17.4768056], [80.5009722, 17.47375], [80.50125, 17.47375], [80.50125, 17.4731944], [80.5015278, 17.4731944], [80.5015278, 17.4729167], [80.5018056, 17.4729167], [80.5018056, 17.4726389], [80.5023611, 17.4726389], [80.5023611, 17.4723611], [80.5026389, 17.4723611], [80.5026389, 17.4720833], [80.5029167, 17.4720833], [80.5029167, 17.47125], [80.5023611, 17.47125], [80.5023611, 17.4706944], [80.5020833, 17.4706944], [80.5020833, 17.4704167], [80.5015278, 17.4704167], [80.5015278, 17.4701389], [80.50125, 17.4701389], [80.50125, 17.4698611], [80.5009722, 17.4698611], [80.5009722, 17.4695833], [80.50125, 17.4695833], [80.50125, 17.46875], [80.5015278, 17.46875], [80.5015278, 17.4681944], [80.5009722, 17.4681944], [80.5009722, 17.4676389], [80.5001389, 17.4676389], [80.5001389, 17.4673611], [80.4981944, 17.4673611], [80.4981944, 17.4670833], [80.4979167, 17.4670833], [80.4979167, 17.4656944], [80.4981944, 17.4656944], [80.4981944, 17.4645833], [80.4984722, 17.4645833], [80.4984722, 17.4640278], [80.4981944, 17.4640278], [80.4981944, 17.4626389], [80.4976389, 17.4626389], [80.4976389, 17.4631944], [80.4970833, 17.4631944], [80.4970833, 17.4623611], [80.4968056, 17.4623611], [80.4968056, 17.4620833], [80.49625, 17.4620833], [80.49625, 17.4623611], [80.4956944, 17.4623611], [80.4956944, 17.4618056], [80.4951389, 17.4618056], [80.4951389, 17.4615278], [80.4948611, 17.4615278], [80.4948611, 17.46125], [80.4945833, 17.46125], [80.4945833, 17.4606944], [80.4943056, 17.4606944], [80.4943056, 17.4604167], [80.4940278, 17.4604167], [80.4940278, 17.4595833], [80.4951389, 17.4595833], [80.4951389, 17.4593056], [80.4954167, 17.4593056], [80.4954167, 17.4590278], [80.49625, 17.4590278], [80.49625, 17.4595833], [80.4968056, 17.4595833], [80.4968056, 17.4598611], [80.4970833, 17.4598611], [80.4970833, 17.4601389], [80.4973611, 17.4601389], [80.4973611, 17.4604167], [80.4979167, 17.4604167], [80.4979167, 17.4601389], [80.4976389, 17.4601389], [80.4976389, 17.4598611], [80.4973611, 17.4598611], [80.4973611, 17.4595833], [80.4976389, 17.4595833], [80.4976389, 17.4593056], [80.4973611, 17.4593056], [80.4973611, 17.4584722], [80.4970833, 17.4584722], [80.4970833, 17.4581944], [80.4976389, 17.4581944], [80.4976389, 17.4579167], [80.4979167, 17.4579167], [80.4979167, 17.4576389], [80.4984722, 17.4576389], [80.4984722, 17.4568056], [80.49875, 17.4568056], [80.49875, 17.4559722], [80.4990278, 17.4559722], [80.4990278, 17.4556944], [80.4993056, 17.4556944], [80.4993056, 17.4554167], [80.4990278, 17.4554167], [80.4990278, 17.4543056], [80.49875, 17.4543056], [80.49875, 17.45375], [80.4990278, 17.45375], [80.4990278, 17.4534722], [80.49875, 17.4534722], [80.49875, 17.4531944], [80.4990278, 17.4531944], [80.4990278, 17.4529167], [80.4993056, 17.4529167], [80.4993056, 17.4526389], [80.4995833, 17.4526389], [80.4995833, 17.4523611], [80.4998611, 17.4523611], [80.4998611, 17.4520833], [80.5001389, 17.4520833], [80.5001389, 17.4509722], [80.5015278, 17.4509722], [80.5015278, 17.45125], [80.5020833, 17.45125], [80.5020833, 17.4515278], [80.5051389, 17.4515278], [80.5051389, 17.45125], [80.5059722, 17.45125], [80.5059722, 17.4509722], [80.50625, 17.4509722], [80.50625, 17.4506944], [80.5065278, 17.4506944], [80.5065278, 17.4504167], [80.5070833, 17.4504167], [80.5070833, 17.4501389], [80.5073611, 17.4501389], [80.5073611, 17.4493056], [80.5070833, 17.4493056], [80.5070833, 17.4490278], [80.5056944, 17.4490278], [80.5056944, 17.4493056], [80.5051389, 17.4493056], [80.5051389, 17.44875], [80.5056944, 17.44875], [80.5056944, 17.4481944], [80.5059722, 17.4481944], [80.5059722, 17.4479167], [80.50625, 17.4479167], [80.50625, 17.4476389], [80.5065278, 17.4476389], [80.5065278, 17.4473611], [80.5076389, 17.4473611], [80.5076389, 17.4470833], [80.5081944, 17.4470833], [80.5081944, 17.4465278], [80.5090278, 17.4465278], [80.5090278, 17.44625], [80.5098611, 17.44625], [80.5098611, 17.4459722], [80.5106944, 17.4459722], [80.5106944, 17.4456944], [80.5109722, 17.4456944], [80.5109722, 17.4451389], [80.5106944, 17.4451389], [80.5106944, 17.4443056], [80.5104167, 17.4443056], [80.5104167, 17.4429167], [80.5106944, 17.4429167], [80.5106944, 17.4423611], [80.5118056, 17.4423611], [80.5118056, 17.44125], [80.5120833, 17.44125], [80.5120833, 17.4404167], [80.5123611, 17.4404167], [80.5123611, 17.4398611], [80.5129167, 17.4398611], [80.5129167, 17.4395833], [80.5131944, 17.4395833], [80.5131944, 17.4390278], [80.5134722, 17.4390278], [80.5134722, 17.43875], [80.5148611, 17.43875], [80.5148611, 17.4384722], [80.5145833, 17.4384722], [80.5145833, 17.4381944], [80.5143056, 17.4381944], [80.5143056, 17.4368056], [80.5145833, 17.4368056], [80.5145833, 17.4365278], [80.5148611, 17.4365278], [80.5148611, 17.43625], [80.5159722, 17.43625], [80.5159722, 17.4359722], [80.51625, 17.4359722], [80.51625, 17.4356944], [80.5173611, 17.4356944], [80.5173611, 17.4359722], [80.5176389, 17.4359722], [80.5176389, 17.43625], [80.5179167, 17.43625], [80.5179167, 17.4365278], [80.5181944, 17.4365278], [80.5181944, 17.4370833], [80.5184722, 17.4370833], [80.5184722, 17.4398611], [80.5181944, 17.4398611], [80.5181944, 17.4401389], [80.5176389, 17.4401389], [80.5176389, 17.4404167], [80.5173611, 17.4404167], [80.5173611, 17.4409722], [80.5168056, 17.4409722], [80.5168056, 17.44125], [80.51625, 17.44125], [80.51625, 17.4420833], [80.5159722, 17.4420833], [80.5159722, 17.44375], [80.51625, 17.44375], [80.51625, 17.4440278], [80.5165278, 17.4440278], [80.5165278, 17.4445833], [80.5170833, 17.4445833], [80.5170833, 17.4448611], [80.5173611, 17.4448611], [80.5173611, 17.4456944], [80.5181944, 17.4456944], [80.5181944, 17.4454167], [80.5201389, 17.4454167], [80.5201389, 17.4451389], [80.5206944, 17.4451389], [80.5206944, 17.4448611], [80.5209722, 17.4448611], [80.5209722, 17.4445833], [80.5215278, 17.4445833], [80.5215278, 17.4448611], [80.5218056, 17.4448611], [80.5218056, 17.4445833], [80.5226389, 17.4445833], [80.5226389, 17.4443056], [80.5229167, 17.4443056], [80.5229167, 17.4440278], [80.5231944, 17.4440278], [80.5231944, 17.4451389], [80.5218056, 17.4451389], [80.5218056, 17.4459722], [80.5206944, 17.4459722], [80.5206944, 17.44625], [80.5204167, 17.44625], [80.5204167, 17.4459722], [80.5201389, 17.4459722], [80.5201389, 17.4470833], [80.5204167, 17.4470833], [80.5204167, 17.4473611], [80.5209722, 17.4473611], [80.5209722, 17.4476389], [80.52125, 17.4476389], [80.52125, 17.4479167], [80.5223611, 17.4479167], [80.5223611, 17.44875], [80.5215278, 17.44875], [80.5215278, 17.4490278], [80.52125, 17.4490278], [80.52125, 17.4493056], [80.5209722, 17.4493056], [80.5209722, 17.4490278], [80.5206944, 17.4490278], [80.5206944, 17.44875], [80.5201389, 17.44875], [80.5201389, 17.4490278], [80.51875, 17.4490278], [80.51875, 17.44875], [80.5184722, 17.44875], [80.5184722, 17.4498611], [80.5198611, 17.4498611], [80.5198611, 17.4501389], [80.5201389, 17.4501389], [80.5201389, 17.4504167], [80.5193056, 17.4504167], [80.5193056, 17.4506944], [80.5190278, 17.4506944], [80.5190278, 17.4509722], [80.5184722, 17.4509722], [80.5184722, 17.4518056], [80.5204167, 17.4518056], [80.5204167, 17.4520833], [80.5201389, 17.4520833], [80.5201389, 17.4523611], [80.5198611, 17.4523611], [80.5198611, 17.4529167], [80.5193056, 17.4529167], [80.5193056, 17.4531944], [80.51875, 17.4531944], [80.51875, 17.4540278], [80.5190278, 17.4540278], [80.5190278, 17.4551389], [80.51875, 17.4551389], [80.51875, 17.4554167], [80.5190278, 17.4554167], [80.5190278, 17.4559722], [80.5193056, 17.4559722], [80.5193056, 17.4568056], [80.5215278, 17.4568056], [80.5215278, 17.4573611], [80.5209722, 17.4573611], [80.5209722, 17.4570833], [80.5204167, 17.4570833], [80.5204167, 17.4573611], [80.5201389, 17.4573611], [80.5201389, 17.4576389], [80.5195833, 17.4576389], [80.5195833, 17.4579167], [80.5198611, 17.4579167], [80.5198611, 17.45875], [80.5201389, 17.45875], [80.5201389, 17.4590278], [80.5206944, 17.4590278], [80.5206944, 17.45875], [80.5220833, 17.45875], [80.5220833, 17.4584722], [80.5229167, 17.4584722], [80.5229167, 17.45875], [80.5234722, 17.45875], [80.5234722, 17.4590278], [80.52375, 17.4590278], [80.52375, 17.45875], [80.5248611, 17.45875], [80.5248611, 17.4584722], [80.5251389, 17.4584722], [80.5251389, 17.4581944], [80.5256944, 17.4581944], [80.5256944, 17.4579167], [80.5259722, 17.4579167], [80.5259722, 17.4576389], [80.52625, 17.4576389], [80.52625, 17.4584722], [80.5256944, 17.4584722], [80.5256944, 17.45875], [80.5254167, 17.45875], [80.5254167, 17.4593056], [80.5251389, 17.4593056], [80.5251389, 17.4601389], [80.5243056, 17.4601389], [80.5243056, 17.4606944], [80.5245833, 17.4606944], [80.5245833, 17.4609722], [80.5248611, 17.4609722], [80.5248611, 17.46125], [80.5270833, 17.46125], [80.5270833, 17.4615278], [80.5279167, 17.4615278], [80.5279167, 17.46125], [80.5284722, 17.46125], [80.5284722, 17.4609722], [80.52875, 17.4609722], [80.52875, 17.4606944], [80.5290278, 17.4606944], [80.5290278, 17.4601389], [80.5293056, 17.4601389], [80.5293056, 17.4595833], [80.5290278, 17.4595833], [80.5290278, 17.4590278], [80.52875, 17.4590278], [80.52875, 17.4584722], [80.5284722, 17.4584722], [80.5284722, 17.4579167], [80.5290278, 17.4579167], [80.5290278, 17.4576389], [80.5295833, 17.4576389], [80.5295833, 17.45625], [80.5293056, 17.45625], [80.5293056, 17.4559722], [80.5309722, 17.4559722], [80.5309722, 17.4556944], [80.53125, 17.4556944], [80.53125, 17.4559722], [80.5326389, 17.4559722], [80.5326389, 17.45625], [80.5329167, 17.45625], [80.5329167, 17.4556944], [80.5320833, 17.4556944], [80.5320833, 17.4554167], [80.5318056, 17.4554167], [80.5318056, 17.45375], [80.5315278, 17.45375], [80.5315278, 17.4531944], [80.5318056, 17.4531944], [80.5318056, 17.4529167], [80.5323611, 17.4529167], [80.5323611, 17.4526389], [80.5326389, 17.4526389], [80.5326389, 17.4523611], [80.5331944, 17.4523611], [80.5331944, 17.4520833], [80.53375, 17.4520833], [80.53375, 17.4518056], [80.5345833, 17.4518056], [80.5345833, 17.4509722], [80.5348611, 17.4509722], [80.5348611, 17.4501389], [80.5351389, 17.4501389], [80.5351389, 17.4495833], [80.5354167, 17.4495833], [80.5354167, 17.44875], [80.5356944, 17.44875], [80.5356944, 17.4484722], [80.5354167, 17.4484722], [80.5354167, 17.4481944], [80.5351389, 17.4481944], [80.5351389, 17.4470833], [80.5348611, 17.4470833], [80.5348611, 17.4456944], [80.5345833, 17.4456944], [80.5345833, 17.4454167], [80.5348611, 17.4454167], [80.5348611, 17.4448611], [80.5359722, 17.4448611], [80.5359722, 17.4445833], [80.53625, 17.4445833], [80.53625, 17.4443056], [80.5365278, 17.4443056], [80.5365278, 17.4440278], [80.5368056, 17.4440278], [80.5368056, 17.4426389], [80.5365278, 17.4426389], [80.5365278, 17.4418056], [80.5370833, 17.4418056], [80.5370833, 17.4395833], [80.5368056, 17.4395833], [80.5368056, 17.4390278], [80.5365278, 17.4390278], [80.5365278, 17.43875], [80.5359722, 17.43875], [80.5359722, 17.4384722], [80.5354167, 17.4384722], [80.5354167, 17.4379167], [80.5343056, 17.4379167], [80.5343056, 17.4376389], [80.5340278, 17.4376389], [80.5340278, 17.4370833], [80.5345833, 17.4370833], [80.5345833, 17.4373611], [80.5348611, 17.4373611], [80.5348611, 17.4370833], [80.5354167, 17.4370833], [80.5354167, 17.4368056], [80.5359722, 17.4368056], [80.5359722, 17.43625], [80.53625, 17.43625], [80.53625, 17.4354167], [80.5359722, 17.4354167], [80.5359722, 17.4351389], [80.5356944, 17.4351389], [80.5356944, 17.4348611], [80.5354167, 17.4348611], [80.5354167, 17.4343056], [80.5351389, 17.4343056], [80.5351389, 17.4340278], [80.5348611, 17.4340278], [80.5348611, 17.43375], [80.5345833, 17.43375], [80.5345833, 17.4334722], [80.5343056, 17.4334722], [80.5343056, 17.4329167], [80.5348611, 17.4329167], [80.5348611, 17.4326389], [80.5354167, 17.4326389], [80.5354167, 17.4323611], [80.5348611, 17.4323611], [80.5348611, 17.4320833], [80.5351389, 17.4320833], [80.5351389, 17.4315278], [80.5354167, 17.4315278], [80.5354167, 17.43125], [80.5376389, 17.43125], [80.5376389, 17.4315278], [80.5384722, 17.4315278], [80.5384722, 17.4320833], [80.5395833, 17.4320833], [80.5395833, 17.4318056], [80.5398611, 17.4318056], [80.5398611, 17.4315278], [80.5401389, 17.4315278], [80.5401389, 17.4309722], [80.5404167, 17.4309722], [80.5404167, 17.4304167], [80.5406944, 17.4304167], [80.5406944, 17.4301389], [80.5409722, 17.4301389], [80.5409722, 17.4290278], [80.5406944, 17.4290278], [80.5406944, 17.4270833], [80.5404167, 17.4270833], [80.5404167, 17.4268056], [80.5398611, 17.4268056], [80.5398611, 17.4265278], [80.5395833, 17.4265278], [80.5395833, 17.42625], [80.5393056, 17.42625], [80.5393056, 17.4259722], [80.5390278, 17.4259722], [80.5390278, 17.4256944], [80.53875, 17.4256944], [80.53875, 17.4254167], [80.5393056, 17.4254167], [80.5393056, 17.4248611], [80.5406944, 17.4248611], [80.5406944, 17.4251389], [80.5409722, 17.4251389], [80.5409722, 17.4248611], [80.54125, 17.4248611], [80.54125, 17.4251389], [80.5418056, 17.4251389], [80.5418056, 17.4254167], [80.5420833, 17.4254167], [80.5420833, 17.4256944], [80.5426389, 17.4256944], [80.5426389, 17.4259722], [80.5429167, 17.4259722], [80.5429167, 17.4256944], [80.5434722, 17.4256944], [80.5434722, 17.4259722], [80.5440278, 17.4259722], [80.5440278, 17.42625], [80.5443056, 17.42625], [80.5443056, 17.4259722], [80.5451389, 17.4259722], [80.5451389, 17.42625], [80.5456944, 17.42625], [80.5456944, 17.4265278], [80.5459722, 17.4265278], [80.5459722, 17.42625], [80.54625, 17.42625], [80.54625, 17.4259722], [80.5470833, 17.4259722], [80.5470833, 17.4265278], [80.5479167, 17.4265278], [80.5479167, 17.42625], [80.5481944, 17.42625], [80.5481944, 17.4259722], [80.5484722, 17.4259722], [80.5484722, 17.4256944], [80.54875, 17.4256944], [80.54875, 17.4254167], [80.5493056, 17.4254167], [80.5493056, 17.4251389], [80.5490278, 17.4251389], [80.5490278, 17.4248611], [80.5493056, 17.4248611], [80.5493056, 17.4240278], [80.5490278, 17.4240278], [80.5490278, 17.42375], [80.5484722, 17.42375], [80.5484722, 17.4226389], [80.5481944, 17.4226389], [80.5481944, 17.4220833], [80.5493056, 17.4220833], [80.5493056, 17.4223611], [80.5498611, 17.4223611], [80.5498611, 17.4218056], [80.54875, 17.4218056], [80.54875, 17.4209722], [80.5484722, 17.4209722], [80.5484722, 17.42125], [80.5479167, 17.42125], [80.5479167, 17.4209722], [80.5476389, 17.4209722], [80.5476389, 17.42125], [80.54625, 17.42125], [80.54625, 17.4215278], [80.5451389, 17.4215278], [80.5451389, 17.42125], [80.5445833, 17.42125], [80.5445833, 17.4209722], [80.5440278, 17.4209722], [80.5440278, 17.4215278], [80.54375, 17.4215278], [80.54375, 17.4218056], [80.5434722, 17.4218056], [80.5434722, 17.4220833], [80.5431944, 17.4220833], [80.5431944, 17.4226389], [80.5423611, 17.4226389], [80.5423611, 17.4229167], [80.5420833, 17.4229167], [80.5420833, 17.4231944], [80.5418056, 17.4231944], [80.5418056, 17.4234722], [80.5409722, 17.4234722], [80.5409722, 17.4229167], [80.5415278, 17.4229167], [80.5415278, 17.4218056], [80.5418056, 17.4218056], [80.5418056, 17.4215278], [80.5415278, 17.4215278], [80.5415278, 17.42125], [80.54125, 17.42125], [80.54125, 17.4209722], [80.5415278, 17.4209722], [80.5415278, 17.4193056], [80.54125, 17.4193056], [80.54125, 17.4190278], [80.5415278, 17.4190278], [80.5415278, 17.4184722], [80.5418056, 17.4184722], [80.5418056, 17.4176389], [80.5415278, 17.4176389], [80.5415278, 17.4156944], [80.5418056, 17.4156944], [80.5418056, 17.4154167], [80.5415278, 17.4154167], [80.5415278, 17.4140278], [80.54125, 17.4140278], [80.54125, 17.4134722], [80.5409722, 17.4134722], [80.5409722, 17.4126389], [80.54125, 17.4126389], [80.54125, 17.4123611], [80.5420833, 17.4123611], [80.5420833, 17.4126389], [80.5431944, 17.4126389], [80.5431944, 17.4118056], [80.5445833, 17.4118056], [80.5445833, 17.4120833], [80.5448611, 17.4120833], [80.5448611, 17.4123611], [80.5451389, 17.4123611], [80.5451389, 17.4120833], [80.5454167, 17.4120833], [80.5454167, 17.4109722], [80.5456944, 17.4109722], [80.5456944, 17.4106944], [80.5459722, 17.4106944], [80.5459722, 17.4095833], [80.54625, 17.4095833], [80.54625, 17.4084722], [80.5465278, 17.4084722], [80.5465278, 17.4081944], [80.54625, 17.4081944], [80.54625, 17.4076389], [80.5465278, 17.4076389], [80.5465278, 17.4065278], [80.5476389, 17.4065278], [80.5476389, 17.4068056], [80.5479167, 17.4068056], [80.5479167, 17.4079167], [80.5481944, 17.4079167], [80.5481944, 17.4084722], [80.54875, 17.4084722], [80.54875, 17.4090278], [80.5490278, 17.4090278], [80.5490278, 17.4098611], [80.5493056, 17.4098611], [80.5493056, 17.4104167], [80.5498611, 17.4104167], [80.5498611, 17.4106944], [80.5501389, 17.4106944], [80.5501389, 17.4120833], [80.5504167, 17.4120833], [80.5504167, 17.4123611], [80.5506944, 17.4123611], [80.5506944, 17.4126389], [80.5509722, 17.4126389], [80.5509722, 17.4131944], [80.5515278, 17.4131944], [80.5515278, 17.4134722], [80.5518056, 17.4134722], [80.5518056, 17.41375], [80.5534722, 17.41375], [80.5534722, 17.4129167], [80.5531944, 17.4129167], [80.5531944, 17.4126389], [80.5529167, 17.4126389], [80.5529167, 17.4115278], [80.5531944, 17.4115278], [80.5531944, 17.41125], [80.5534722, 17.41125], [80.5534722, 17.4109722], [80.55375, 17.4109722], [80.55375, 17.4106944], [80.5543056, 17.4106944], [80.5543056, 17.4104167], [80.5545833, 17.4104167], [80.5545833, 17.4101389], [80.5548611, 17.4101389], [80.5548611, 17.4098611], [80.5556944, 17.4098611], [80.5556944, 17.4093056], [80.5559722, 17.4093056], [80.5559722, 17.4090278], [80.55625, 17.4090278], [80.55625, 17.40875], [80.5565278, 17.40875], [80.5565278, 17.4084722], [80.5568056, 17.4084722], [80.5568056, 17.4079167], [80.5570833, 17.4079167], [80.5570833, 17.4076389], [80.5576389, 17.4076389], [80.5576389, 17.4073611], [80.5579167, 17.4073611], [80.5579167, 17.4068056], [80.5581944, 17.4068056], [80.5581944, 17.4065278], [80.5584722, 17.4065278], [80.5584722, 17.40625], [80.55875, 17.40625], [80.55875, 17.4059722], [80.5595833, 17.4059722], [80.5595833, 17.40625], [80.5601389, 17.40625], [80.5601389, 17.4068056], [80.5604167, 17.4068056], [80.5604167, 17.4070833], [80.5606944, 17.4070833], [80.5606944, 17.4076389], [80.5609722, 17.4076389], [80.5609722, 17.4079167], [80.56125, 17.4079167], [80.56125, 17.4090278], [80.5615278, 17.4090278], [80.5615278, 17.4093056], [80.56125, 17.4093056], [80.56125, 17.4095833], [80.5615278, 17.4095833], [80.5615278, 17.41125], [80.56125, 17.41125], [80.56125, 17.4109722], [80.5609722, 17.4109722], [80.5609722, 17.4104167], [80.5606944, 17.4104167], [80.5606944, 17.41125], [80.5609722, 17.41125], [80.5609722, 17.4115278], [80.56125, 17.4115278], [80.56125, 17.4118056], [80.5615278, 17.4118056], [80.5615278, 17.4126389], [80.56125, 17.4126389], [80.56125, 17.4131944], [80.5615278, 17.4131944], [80.5615278, 17.4154167], [80.5618056, 17.4154167], [80.5618056, 17.41625], [80.5623611, 17.41625], [80.5623611, 17.4159722], [80.5626389, 17.4159722], [80.5626389, 17.4154167], [80.5629167, 17.4154167], [80.5629167, 17.4148611], [80.5631944, 17.4148611], [80.5631944, 17.4143056], [80.5634722, 17.4143056], [80.5634722, 17.4140278], [80.56375, 17.4140278], [80.56375, 17.41375], [80.5640278, 17.41375], [80.5640278, 17.4129167], [80.5643056, 17.4129167], [80.5643056, 17.4126389], [80.5645833, 17.4126389], [80.5645833, 17.4120833], [80.5651389, 17.4120833], [80.5651389, 17.4118056], [80.5654167, 17.4118056], [80.5654167, 17.4120833], [80.5656944, 17.4120833], [80.5656944, 17.4118056], [80.5659722, 17.4118056], [80.5659722, 17.4115278], [80.5676389, 17.4115278], [80.5676389, 17.4109722], [80.5681944, 17.4109722], [80.5681944, 17.4106944], [80.5684722, 17.4106944], [80.5684722, 17.4090278], [80.5681944, 17.4090278], [80.5681944, 17.4081944], [80.5679167, 17.4081944], [80.5679167, 17.4079167], [80.5676389, 17.4079167], [80.5676389, 17.4073611], [80.5673611, 17.4073611], [80.5673611, 17.4070833], [80.5670833, 17.4070833], [80.5670833, 17.4068056], [80.5673611, 17.4068056], [80.5673611, 17.40625], [80.5676389, 17.40625], [80.5676389, 17.4045833], [80.5679167, 17.4045833], [80.5679167, 17.4040278], [80.5676389, 17.4040278], [80.5676389, 17.40375], [80.5684722, 17.40375], [80.5684722, 17.4023611], [80.56875, 17.4023611], [80.56875, 17.4020833], [80.5690278, 17.4020833], [80.5690278, 17.4018056], [80.5693056, 17.4018056], [80.5693056, 17.4020833], [80.5695833, 17.4020833], [80.5695833, 17.4023611], [80.5693056, 17.4023611], [80.5693056, 17.4026389], [80.5695833, 17.4026389], [80.5695833, 17.4029167], [80.5698611, 17.4029167], [80.5698611, 17.4031944], [80.5701389, 17.4031944], [80.5701389, 17.4034722], [80.5706944, 17.4034722], [80.5706944, 17.4031944], [80.57125, 17.4031944], [80.57125, 17.4026389], [80.5718056, 17.4026389], [80.5718056, 17.4029167], [80.5720833, 17.4029167], [80.5720833, 17.40375], [80.5723611, 17.40375], [80.5723611, 17.4056944], [80.5726389, 17.4056944], [80.5726389, 17.40625], [80.5731944, 17.40625], [80.5731944, 17.4065278], [80.5745833, 17.4065278], [80.5745833, 17.4056944], [80.5748611, 17.4056944], [80.5748611, 17.4054167], [80.5754167, 17.4054167], [80.5754167, 17.4051389], [80.5765278, 17.4051389], [80.5765278, 17.4048611], [80.5768056, 17.4048611], [80.5768056, 17.4045833], [80.5770833, 17.4045833], [80.5770833, 17.4040278], [80.5773611, 17.4040278], [80.5773611, 17.4031944], [80.5776389, 17.4031944], [80.5776389, 17.4029167], [80.5779167, 17.4029167], [80.5779167, 17.4023611], [80.5784722, 17.4023611], [80.5784722, 17.4018056], [80.57875, 17.4018056], [80.57875, 17.4015278], [80.5790278, 17.4015278], [80.5790278, 17.40125], [80.5795833, 17.40125], [80.5795833, 17.4009722], [80.5801389, 17.4009722], [80.5801389, 17.40125], [80.5806944, 17.40125], [80.5806944, 17.4009722], [80.58125, 17.4009722], [80.58125, 17.40125], [80.5823611, 17.40125], [80.5823611, 17.4009722], [80.5829167, 17.4009722], [80.5829167, 17.4006944], [80.5831944, 17.4006944], [80.5831944, 17.40125], [80.5834722, 17.40125], [80.5834722, 17.4015278], [80.5840278, 17.4015278], [80.5840278, 17.4018056], [80.5848611, 17.4018056], [80.5848611, 17.4015278], [80.5851389, 17.4015278], [80.5851389, 17.4001389], [80.5843056, 17.4001389], [80.5843056, 17.3993056], [80.5854167, 17.3993056], [80.5854167, 17.3990278], [80.5856944, 17.3990278], [80.5856944, 17.39875], [80.5859722, 17.39875], [80.5859722, 17.3981944], [80.58625, 17.3981944], [80.58625, 17.3979167], [80.5868056, 17.3979167], [80.5868056, 17.3976389], [80.5870833, 17.3976389], [80.5870833, 17.3973611], [80.5873611, 17.3973611], [80.5873611, 17.3970833], [80.5879167, 17.3970833], [80.5879167, 17.3968056], [80.5881944, 17.3968056], [80.5881944, 17.39625], [80.5884722, 17.39625], [80.5884722, 17.3951389], [80.5881944, 17.3951389], [80.5881944, 17.3948611], [80.5890278, 17.3948611], [80.5890278, 17.3945833], [80.58875, 17.3945833], [80.58875, 17.3940278], [80.5884722, 17.3940278], [80.5884722, 17.39375], [80.5893056, 17.39375], [80.5893056, 17.3940278], [80.5895833, 17.3940278], [80.5895833, 17.3943056], [80.5898611, 17.3943056], [80.5898611, 17.3945833], [80.5904167, 17.3945833], [80.5904167, 17.3943056], [80.5915278, 17.3943056], [80.5915278, 17.3945833], [80.5920833, 17.3945833], [80.5920833, 17.3948611], [80.5923611, 17.3948611], [80.5923611, 17.3954167], [80.5929167, 17.3954167], [80.5929167, 17.3956944], [80.5940278, 17.3956944], [80.5940278, 17.39625], [80.59625, 17.39625], [80.59625, 17.3965278], [80.5973611, 17.3965278], [80.5973611, 17.39625], [80.5984722, 17.39625], [80.5984722, 17.3959722], [80.5990278, 17.3959722], [80.5990278, 17.3956944], [80.5998611, 17.3956944], [80.5998611, 17.3954167], [80.6018056, 17.3954167], [80.6018056, 17.3948611], [80.6020833, 17.3948611], [80.6020833, 17.3945833], [80.6026389, 17.3945833], [80.6026389, 17.3948611], [80.6029167, 17.3948611], [80.6029167, 17.3954167], [80.6031944, 17.3954167], [80.6031944, 17.3956944], [80.6029167, 17.3956944], [80.6029167, 17.3959722], [80.6031944, 17.3959722], [80.6031944, 17.39625], [80.6040278, 17.39625], [80.6040278, 17.3973611], [80.6051389, 17.3973611], [80.6051389, 17.3976389], [80.6059722, 17.3976389], [80.6059722, 17.3979167], [80.6065278, 17.3979167], [80.6065278, 17.3981944], [80.6070833, 17.3981944], [80.6070833, 17.3984722], [80.6073611, 17.3984722], [80.6073611, 17.3981944], [80.6090278, 17.3981944], [80.6090278, 17.3979167], [80.6095833, 17.3979167], [80.6095833, 17.3981944], [80.6101389, 17.3981944], [80.6101389, 17.3976389], [80.6104167, 17.3976389], [80.6104167, 17.3973611], [80.6120833, 17.3973611], [80.6120833, 17.3968056], [80.6123611, 17.3968056], [80.6123611, 17.3959722], [80.6129167, 17.3959722], [80.6129167, 17.3956944], [80.6131944, 17.3956944], [80.6131944, 17.3951389], [80.61375, 17.3951389], [80.61375, 17.3940278], [80.6143056, 17.3940278], [80.6143056, 17.39375], [80.6151389, 17.39375], [80.6151389, 17.3940278], [80.6154167, 17.3940278], [80.6154167, 17.39375], [80.6156944, 17.39375], [80.6156944, 17.3934722], [80.61625, 17.3934722], [80.61625, 17.3931944], [80.6165278, 17.3931944], [80.6165278, 17.3929167], [80.6170833, 17.3929167], [80.6170833, 17.3926389], [80.61875, 17.3926389], [80.61875, 17.3923611], [80.6193056, 17.3923611], [80.6193056, 17.3918056], [80.6201389, 17.3918056], [80.6201389, 17.3920833], [80.6204167, 17.3920833], [80.6204167, 17.3923611], [80.6206944, 17.3923611], [80.6206944, 17.3926389], [80.62125, 17.3926389], [80.62125, 17.3943056], [80.6218056, 17.3943056], [80.6218056, 17.3948611], [80.6220833, 17.3948611], [80.6220833, 17.3954167], [80.6223611, 17.3954167], [80.6223611, 17.3956944], [80.6226389, 17.3956944], [80.6226389, 17.39625], [80.6231944, 17.39625], [80.6231944, 17.3970833], [80.6234722, 17.3970833], [80.6234722, 17.3973611], [80.62375, 17.3973611], [80.62375, 17.3976389], [80.6248611, 17.3976389], [80.6248611, 17.3970833], [80.6243056, 17.3970833], [80.6243056, 17.3965278], [80.6240278, 17.3965278], [80.6240278, 17.39625], [80.62375, 17.39625], [80.62375, 17.3956944], [80.6259722, 17.3956944], [80.6259722, 17.3959722], [80.62625, 17.3959722], [80.62625, 17.39625], [80.6268056, 17.39625], [80.6268056, 17.3965278], [80.6273611, 17.3965278], [80.6273611, 17.3951389], [80.6276389, 17.3951389], [80.6276389, 17.3948611], [80.6279167, 17.3948611], [80.6279167, 17.3943056], [80.6281944, 17.3943056], [80.6281944, 17.39375], [80.6295833, 17.39375], [80.6295833, 17.3940278], [80.6304167, 17.3940278], [80.6304167, 17.39375], [80.6309722, 17.39375], [80.6309722, 17.3931944], [80.6318056, 17.3931944], [80.6318056, 17.3934722], [80.6315278, 17.3934722], [80.6315278, 17.39375], [80.63125, 17.39375], [80.63125, 17.3940278], [80.6309722, 17.3940278], [80.6309722, 17.3943056], [80.6306944, 17.3943056], [80.6306944, 17.3948611], [80.6309722, 17.3948611], [80.6309722, 17.3956944], [80.63125, 17.3956944], [80.63125, 17.3959722], [80.6331944, 17.3959722], [80.6331944, 17.3956944], [80.63375, 17.3956944], [80.63375, 17.3959722], [80.6345833, 17.3959722], [80.6345833, 17.3954167], [80.6348611, 17.3954167], [80.6348611, 17.3951389], [80.6351389, 17.3951389], [80.6351389, 17.3948611], [80.6354167, 17.3948611], [80.6354167, 17.3954167], [80.6356944, 17.3954167], [80.6356944, 17.3956944], [80.6354167, 17.3956944], [80.6354167, 17.3959722], [80.6351389, 17.3959722], [80.6351389, 17.3976389], [80.6354167, 17.3976389], [80.6354167, 17.3993056], [80.6359722, 17.3993056], [80.6359722, 17.3998611], [80.63625, 17.3998611], [80.63625, 17.4004167], [80.6368056, 17.4004167], [80.6368056, 17.4001389], [80.6376389, 17.4001389], [80.6376389, 17.3998611], [80.6379167, 17.3998611], [80.6379167, 17.4004167], [80.6381944, 17.4004167], [80.6381944, 17.3995833], [80.6376389, 17.3995833], [80.6376389, 17.3984722], [80.6379167, 17.3984722], [80.6379167, 17.3981944], [80.6381944, 17.3981944], [80.6381944, 17.3979167], [80.6379167, 17.3979167], [80.6379167, 17.3968056], [80.6384722, 17.3968056], [80.6384722, 17.3965278], [80.6390278, 17.3965278], [80.6390278, 17.39625], [80.6395833, 17.39625], [80.6395833, 17.3959722], [80.6398611, 17.3959722], [80.6398611, 17.3956944], [80.6395833, 17.3956944], [80.6395833, 17.3943056], [80.6393056, 17.3943056], [80.6393056, 17.3940278], [80.6395833, 17.3940278], [80.6395833, 17.39375], [80.6401389, 17.39375], [80.6401389, 17.3940278], [80.6406944, 17.3940278], [80.6406944, 17.3943056], [80.6409722, 17.3943056], [80.6409722, 17.3940278], [80.64125, 17.3940278], [80.64125, 17.39375], [80.6418056, 17.39375], [80.6418056, 17.3940278], [80.6420833, 17.3940278], [80.6420833, 17.3943056], [80.6423611, 17.3943056], [80.6423611, 17.3951389], [80.6426389, 17.3951389], [80.6426389, 17.3954167], [80.6434722, 17.3954167], [80.6434722, 17.3951389], [80.64375, 17.3951389], [80.64375, 17.3945833], [80.6434722, 17.3945833], [80.6434722, 17.3943056], [80.6440278, 17.3943056], [80.6440278, 17.3940278], [80.6443056, 17.3940278], [80.6443056, 17.39375], [80.6448611, 17.39375], [80.6448611, 17.3934722], [80.6459722, 17.3934722], [80.6459722, 17.39375], [80.6465278, 17.39375], [80.6465278, 17.3934722], [80.6476389, 17.3934722], [80.6476389, 17.3931944], [80.6479167, 17.3931944], [80.6479167, 17.3934722], [80.6490278, 17.3934722], [80.6490278, 17.3931944], [80.6495833, 17.3931944], [80.6495833, 17.3934722], [80.6498611, 17.3934722], [80.6498611, 17.39375], [80.6515278, 17.39375], [80.6515278, 17.3940278], [80.6523611, 17.3940278], [80.6523611, 17.3945833], [80.65125, 17.3945833], [80.65125, 17.3954167], [80.6515278, 17.3954167], [80.6515278, 17.3959722], [80.6509722, 17.3959722], [80.6509722, 17.3956944], [80.6504167, 17.3956944], [80.6504167, 17.3959722], [80.6501389, 17.3959722], [80.6501389, 17.39625], [80.6493056, 17.39625], [80.6493056, 17.3965278], [80.6479167, 17.3965278], [80.6479167, 17.3970833], [80.6476389, 17.3970833], [80.6476389, 17.3973611], [80.6473611, 17.3973611], [80.6473611, 17.3976389], [80.6465278, 17.3976389], [80.6465278, 17.3979167], [80.6459722, 17.3979167], [80.6459722, 17.3981944], [80.6448611, 17.3981944], [80.6448611, 17.3984722], [80.6445833, 17.3984722], [80.6445833, 17.4004167], [80.6448611, 17.4004167], [80.6448611, 17.40125], [80.64375, 17.40125], [80.64375, 17.4015278], [80.6431944, 17.4015278], [80.6431944, 17.4020833], [80.6429167, 17.4020833], [80.6429167, 17.4023611], [80.6426389, 17.4023611], [80.6426389, 17.4026389], [80.6423611, 17.4026389], [80.6423611, 17.4029167], [80.6420833, 17.4029167], [80.6420833, 17.4031944], [80.6423611, 17.4031944], [80.6423611, 17.40375], [80.6426389, 17.40375], [80.6426389, 17.4048611], [80.6423611, 17.4048611], [80.6423611, 17.4054167], [80.6420833, 17.4054167], [80.6420833, 17.4056944], [80.6418056, 17.4056944], [80.6418056, 17.4054167], [80.6406944, 17.4054167], [80.6406944, 17.4065278], [80.6398611, 17.4065278], [80.6398611, 17.4070833], [80.6401389, 17.4070833], [80.6401389, 17.4073611], [80.6404167, 17.4073611], [80.6404167, 17.4081944], [80.6398611, 17.4081944], [80.6398611, 17.40875], [80.6395833, 17.40875], [80.6395833, 17.4090278], [80.6398611, 17.4090278], [80.6398611, 17.4093056], [80.6401389, 17.4093056], [80.6401389, 17.4095833], [80.6398611, 17.4095833], [80.6398611, 17.4101389], [80.6393056, 17.4101389], [80.6393056, 17.4104167], [80.6390278, 17.4104167], [80.6390278, 17.4106944], [80.6395833, 17.4106944], [80.6395833, 17.4109722], [80.6398611, 17.4109722], [80.6398611, 17.4118056], [80.6390278, 17.4118056], [80.6390278, 17.4115278], [80.63875, 17.4115278], [80.63875, 17.4109722], [80.6384722, 17.4109722], [80.6384722, 17.4106944], [80.6381944, 17.4106944], [80.6381944, 17.4104167], [80.6384722, 17.4104167], [80.6384722, 17.4101389], [80.6379167, 17.4101389], [80.6379167, 17.4106944], [80.6370833, 17.4106944], [80.6370833, 17.4109722], [80.6368056, 17.4109722], [80.6368056, 17.4115278], [80.6365278, 17.4115278], [80.6365278, 17.4118056], [80.63625, 17.4118056], [80.63625, 17.4120833], [80.6359722, 17.4120833], [80.6359722, 17.4123611], [80.6354167, 17.4123611], [80.6354167, 17.4126389], [80.6351389, 17.4126389], [80.6351389, 17.4129167], [80.6348611, 17.4129167], [80.6348611, 17.4131944], [80.6345833, 17.4131944], [80.6345833, 17.4143056], [80.6348611, 17.4143056], [80.6348611, 17.4148611], [80.6354167, 17.4148611], [80.6354167, 17.4151389], [80.6356944, 17.4151389], [80.6356944, 17.4148611], [80.6368056, 17.4148611], [80.6368056, 17.4151389], [80.6370833, 17.4151389], [80.6370833, 17.4170833], [80.6365278, 17.4170833], [80.6365278, 17.4168056], [80.6356944, 17.4168056], [80.6356944, 17.4165278], [80.6354167, 17.4165278], [80.6354167, 17.41625], [80.6348611, 17.41625], [80.6348611, 17.4159722], [80.6331944, 17.4159722], [80.6331944, 17.41625], [80.6320833, 17.41625], [80.6320833, 17.4165278], [80.6318056, 17.4165278], [80.6318056, 17.4176389], [80.6315278, 17.4176389], [80.6315278, 17.4181944], [80.63125, 17.4181944], [80.63125, 17.4179167], [80.6309722, 17.4179167], [80.6309722, 17.4176389], [80.6306944, 17.4176389], [80.6306944, 17.4168056], [80.6301389, 17.4168056], [80.6301389, 17.41625], [80.6298611, 17.41625], [80.6298611, 17.4154167], [80.6290278, 17.4154167], [80.6290278, 17.4151389], [80.6281944, 17.4151389], [80.6281944, 17.4154167], [80.6279167, 17.4154167], [80.6279167, 17.4156944], [80.6273611, 17.4156944], [80.6273611, 17.4173611], [80.6276389, 17.4173611], [80.6276389, 17.4184722], [80.6279167, 17.4184722], [80.6279167, 17.41875], [80.6281944, 17.41875], [80.6281944, 17.4190278], [80.6284722, 17.4190278], [80.6284722, 17.4198611], [80.62875, 17.4198611], [80.62875, 17.4204167], [80.6284722, 17.4204167], [80.6284722, 17.4209722], [80.62875, 17.4209722], [80.62875, 17.42125], [80.6279167, 17.42125], [80.6279167, 17.4215278], [80.6276389, 17.4215278], [80.6276389, 17.4218056], [80.6265278, 17.4218056], [80.6265278, 17.4231944], [80.6245833, 17.4231944], [80.6245833, 17.4234722], [80.6243056, 17.4234722], [80.6243056, 17.4243056], [80.62375, 17.4243056], [80.62375, 17.42375], [80.6234722, 17.42375], [80.6234722, 17.4234722], [80.62375, 17.4234722], [80.62375, 17.4231944], [80.6234722, 17.4231944], [80.6234722, 17.4229167], [80.6231944, 17.4229167], [80.6231944, 17.4231944], [80.6226389, 17.4231944], [80.6226389, 17.4229167], [80.6218056, 17.4229167], [80.6218056, 17.4226389], [80.6215278, 17.4226389], [80.6215278, 17.4220833], [80.6209722, 17.4220833], [80.6209722, 17.4218056], [80.6193056, 17.4218056], [80.6193056, 17.4220833], [80.6195833, 17.4220833], [80.6195833, 17.4223611], [80.6193056, 17.4223611], [80.6193056, 17.4226389], [80.6190278, 17.4226389], [80.6190278, 17.4234722], [80.6193056, 17.4234722], [80.6193056, 17.42375], [80.6195833, 17.42375], [80.6195833, 17.4240278], [80.6193056, 17.4240278], [80.6193056, 17.4256944], [80.6190278, 17.4256944], [80.6190278, 17.4259722], [80.6193056, 17.4259722], [80.6193056, 17.42625], [80.6198611, 17.42625], [80.6198611, 17.4273611], [80.6201389, 17.4273611], [80.6201389, 17.4276389], [80.6204167, 17.4276389], [80.6204167, 17.4281944], [80.6206944, 17.4281944], [80.6206944, 17.4284722], [80.6209722, 17.4284722], [80.6209722, 17.4290278], [80.62125, 17.4290278], [80.62125, 17.4293056], [80.6220833, 17.4293056], [80.6220833, 17.4290278], [80.6223611, 17.4290278], [80.6223611, 17.4293056], [80.6229167, 17.4293056], [80.6229167, 17.4290278], [80.62375, 17.4290278], [80.62375, 17.4295833], [80.6234722, 17.4295833], [80.6234722, 17.4298611], [80.6223611, 17.4298611], [80.6223611, 17.4295833], [80.62125, 17.4295833], [80.62125, 17.4298611], [80.6206944, 17.4298611], [80.6206944, 17.4301389], [80.6198611, 17.4301389], [80.6198611, 17.4298611], [80.6184722, 17.4298611], [80.6184722, 17.4290278], [80.61875, 17.4290278], [80.61875, 17.4284722], [80.6184722, 17.4284722], [80.6184722, 17.4281944], [80.6181944, 17.4281944], [80.6181944, 17.4284722], [80.6159722, 17.4284722], [80.6159722, 17.42875], [80.6148611, 17.42875], [80.6148611, 17.4290278], [80.61375, 17.4290278], [80.61375, 17.4293056], [80.6129167, 17.4293056], [80.6129167, 17.4295833], [80.6120833, 17.4295833], [80.6120833, 17.4301389], [80.6118056, 17.4301389], [80.6118056, 17.4298611], [80.61125, 17.4298611], [80.61125, 17.4295833], [80.6109722, 17.4295833], [80.6109722, 17.4293056], [80.6106944, 17.4293056], [80.6106944, 17.4290278], [80.6095833, 17.4290278], [80.6095833, 17.4295833], [80.6093056, 17.4295833], [80.6093056, 17.4298611], [80.6090278, 17.4298611], [80.6090278, 17.4301389], [80.60875, 17.4301389], [80.60875, 17.4306944], [80.6084722, 17.4306944], [80.6084722, 17.43125], [80.6081944, 17.43125], [80.6081944, 17.4318056], [80.6084722, 17.4318056], [80.6084722, 17.4320833], [80.60875, 17.4320833], [80.60875, 17.4323611], [80.6090278, 17.4323611], [80.6090278, 17.4331944], [80.6101389, 17.4331944], [80.6101389, 17.4329167], [80.6131944, 17.4329167], [80.6131944, 17.4326389], [80.6143056, 17.4326389], [80.6143056, 17.4331944], [80.6154167, 17.4331944], [80.6154167, 17.4334722], [80.6156944, 17.4334722], [80.6156944, 17.43375], [80.6165278, 17.43375], [80.6165278, 17.4340278], [80.6170833, 17.4340278], [80.6170833, 17.4345833], [80.6173611, 17.4345833], [80.6173611, 17.4351389], [80.6176389, 17.4351389], [80.6176389, 17.4356944], [80.6173611, 17.4356944], [80.6173611, 17.4354167], [80.6168056, 17.4354167], [80.6168056, 17.4348611], [80.6159722, 17.4348611], [80.6159722, 17.4345833], [80.6154167, 17.4345833], [80.6154167, 17.4351389], [80.6151389, 17.4351389], [80.6151389, 17.4354167], [80.6145833, 17.4354167], [80.6145833, 17.4356944], [80.6134722, 17.4356944], [80.6134722, 17.4359722], [80.6131944, 17.4359722], [80.6131944, 17.43625], [80.6129167, 17.43625], [80.6129167, 17.4370833], [80.61375, 17.4370833], [80.61375, 17.4373611], [80.6134722, 17.4373611], [80.6134722, 17.4381944], [80.61375, 17.4381944], [80.61375, 17.43875], [80.6145833, 17.43875], [80.6145833, 17.4390278], [80.6148611, 17.4390278], [80.6148611, 17.4393056], [80.6151389, 17.4393056], [80.6151389, 17.4395833], [80.6154167, 17.4395833], [80.6154167, 17.4398611], [80.6156944, 17.4398611], [80.6156944, 17.4404167], [80.6159722, 17.4404167], [80.6159722, 17.4406944], [80.6170833, 17.4406944], [80.6170833, 17.4409722], [80.6179167, 17.4409722], [80.6179167, 17.44125], [80.6176389, 17.44125], [80.6176389, 17.4418056], [80.6173611, 17.4418056], [80.6173611, 17.4423611], [80.6170833, 17.4423611], [80.6170833, 17.4426389], [80.6165278, 17.4426389], [80.6165278, 17.4431944], [80.6156944, 17.4431944], [80.6156944, 17.4434722], [80.6154167, 17.4434722], [80.6154167, 17.4440278], [80.6151389, 17.4440278], [80.6151389, 17.4445833], [80.6148611, 17.4445833], [80.6148611, 17.4448611], [80.6145833, 17.4448611], [80.6145833, 17.4451389], [80.6143056, 17.4451389], [80.6143056, 17.4454167], [80.6140278, 17.4454167], [80.6140278, 17.4459722], [80.6120833, 17.4459722], [80.6120833, 17.44625], [80.6118056, 17.44625], [80.6118056, 17.4465278], [80.6115278, 17.4465278], [80.6115278, 17.4470833], [80.6109722, 17.4470833], [80.6109722, 17.4473611], [80.6106944, 17.4473611], [80.6106944, 17.44875], [80.6104167, 17.44875], [80.6104167, 17.45125], [80.6106944, 17.45125], [80.6106944, 17.45375], [80.61125, 17.45375], [80.61125, 17.4548611], [80.6106944, 17.4548611], [80.6106944, 17.4559722], [80.61125, 17.4559722], [80.61125, 17.45625], [80.6109722, 17.45625], [80.6109722, 17.4565278], [80.6104167, 17.4565278], [80.6104167, 17.4570833], [80.6101389, 17.4570833], [80.6101389, 17.4568056], [80.6095833, 17.4568056], [80.6095833, 17.4573611], [80.6098611, 17.4573611], [80.6098611, 17.4584722], [80.6101389, 17.4584722], [80.6101389, 17.45875], [80.6104167, 17.45875], [80.6104167, 17.4590278], [80.6101389, 17.4590278], [80.6101389, 17.4595833], [80.6098611, 17.4595833], [80.6098611, 17.4598611], [80.6095833, 17.4598611], [80.6095833, 17.4601389], [80.6101389, 17.4601389], [80.6101389, 17.46125], [80.6109722, 17.46125], [80.6109722, 17.4609722], [80.61125, 17.4609722], [80.61125, 17.4606944], [80.6115278, 17.4606944], [80.6115278, 17.4604167], [80.6118056, 17.4604167], [80.6118056, 17.4601389], [80.6120833, 17.4601389], [80.6120833, 17.4598611], [80.6123611, 17.4598611], [80.6123611, 17.4595833], [80.6126389, 17.4595833], [80.6126389, 17.4593056], [80.6131944, 17.4593056], [80.6131944, 17.4590278], [80.6140278, 17.4590278], [80.6140278, 17.45875], [80.6148611, 17.45875], [80.6148611, 17.4584722], [80.6156944, 17.4584722], [80.6156944, 17.4581944], [80.6165278, 17.4581944], [80.6165278, 17.4579167], [80.6170833, 17.4579167], [80.6170833, 17.4581944], [80.6168056, 17.4581944], [80.6168056, 17.4584722], [80.6165278, 17.4584722], [80.6165278, 17.4593056], [80.61625, 17.4593056], [80.61625, 17.4598611], [80.6165278, 17.4598611], [80.6165278, 17.4606944], [80.6168056, 17.4606944], [80.6168056, 17.4620833], [80.6170833, 17.4620833], [80.6170833, 17.4626389], [80.61875, 17.4626389], [80.61875, 17.4629167], [80.6190278, 17.4629167], [80.6190278, 17.4631944], [80.6195833, 17.4631944], [80.6195833, 17.4629167], [80.6198611, 17.4629167], [80.6198611, 17.4626389], [80.6209722, 17.4626389], [80.6209722, 17.4623611], [80.6215278, 17.4623611], [80.6215278, 17.4626389], [80.6220833, 17.4626389], [80.6220833, 17.4629167], [80.6226389, 17.4629167], [80.6226389, 17.4626389], [80.6229167, 17.4626389], [80.6229167, 17.4631944], [80.6226389, 17.4631944], [80.6226389, 17.46375], [80.6223611, 17.46375], [80.6223611, 17.4640278], [80.6218056, 17.4640278], [80.6218056, 17.4643056], [80.62125, 17.4643056], [80.62125, 17.4651389], [80.6215278, 17.4651389], [80.6215278, 17.4659722], [80.6218056, 17.4659722], [80.6218056, 17.46625], [80.6220833, 17.46625], [80.6220833, 17.4665278], [80.6223611, 17.4665278], [80.6223611, 17.4673611], [80.6220833, 17.4673611], [80.6220833, 17.4676389], [80.6218056, 17.4676389], [80.6218056, 17.46875], [80.6215278, 17.46875], [80.6215278, 17.4695833], [80.62125, 17.4695833], [80.62125, 17.4704167], [80.6209722, 17.4704167], [80.6209722, 17.4706944], [80.6206944, 17.4706944], [80.6206944, 17.4709722], [80.6204167, 17.4709722], [80.6204167, 17.47125], [80.6201389, 17.47125], [80.6201389, 17.4720833], [80.6204167, 17.4720833], [80.6204167, 17.4723611], [80.6215278, 17.4723611], [80.6215278, 17.4726389], [80.62125, 17.4726389], [80.62125, 17.4734722], [80.6209722, 17.4734722], [80.6209722, 17.4743056], [80.62125, 17.4743056], [80.62125, 17.4748611], [80.6220833, 17.4748611], [80.6220833, 17.4745833], [80.6223611, 17.4745833], [80.6223611, 17.4740278], [80.6226389, 17.4740278], [80.6226389, 17.47375], [80.6229167, 17.47375], [80.6229167, 17.4734722], [80.6234722, 17.4734722], [80.6234722, 17.47375], [80.6231944, 17.47375], [80.6231944, 17.4740278], [80.6229167, 17.4740278], [80.6229167, 17.4748611], [80.6240278, 17.4748611], [80.6240278, 17.4743056], [80.6243056, 17.4743056], [80.6243056, 17.47375], [80.6245833, 17.47375], [80.6245833, 17.4726389], [80.6248611, 17.4726389], [80.6248611, 17.4718056], [80.6251389, 17.4718056], [80.6251389, 17.4715278], [80.6254167, 17.4715278], [80.6254167, 17.47125], [80.6256944, 17.47125], [80.6256944, 17.4715278], [80.6270833, 17.4715278], [80.6270833, 17.4718056], [80.6279167, 17.4718056], [80.6279167, 17.4715278], [80.6284722, 17.4715278], [80.6284722, 17.47125], [80.6309722, 17.47125], [80.6309722, 17.4709722], [80.63125, 17.4709722], [80.63125, 17.4706944], [80.6315278, 17.4706944], [80.6315278, 17.4704167], [80.6326389, 17.4704167], [80.6326389, 17.4701389], [80.6329167, 17.4701389], [80.6329167, 17.4698611], [80.6334722, 17.4698611], [80.6334722, 17.4695833], [80.6343056, 17.4695833], [80.6343056, 17.4693056], [80.6345833, 17.4693056], [80.6345833, 17.4690278], [80.6348611, 17.4690278], [80.6348611, 17.46875], [80.6351389, 17.46875], [80.6351389, 17.4684722], [80.6356944, 17.4684722], [80.6356944, 17.46875], [80.6359722, 17.46875], [80.6359722, 17.4690278], [80.63625, 17.4690278], [80.63625, 17.4693056], [80.6365278, 17.4693056], [80.6365278, 17.4695833], [80.6368056, 17.4695833], [80.6368056, 17.4698611], [80.6373611, 17.4698611], [80.6373611, 17.4704167], [80.6376389, 17.4704167], [80.6376389, 17.4709722], [80.6379167, 17.4709722], [80.6379167, 17.47125], [80.6376389, 17.47125], [80.6376389, 17.4715278], [80.6373611, 17.4715278], [80.6373611, 17.4720833], [80.6370833, 17.4720833], [80.6370833, 17.4731944], [80.6379167, 17.4731944], [80.6379167, 17.4729167], [80.6384722, 17.4729167], [80.6384722, 17.4726389], [80.6395833, 17.4726389], [80.6395833, 17.4731944], [80.6398611, 17.4731944], [80.6398611, 17.47375], [80.6401389, 17.47375], [80.6401389, 17.4740278], [80.6404167, 17.4740278], [80.6404167, 17.4745833], [80.6406944, 17.4745833], [80.6406944, 17.4751389], [80.6409722, 17.4751389], [80.6409722, 17.4756944], [80.64125, 17.4756944], [80.64125, 17.4759722], [80.6415278, 17.4759722], [80.6415278, 17.47625], [80.6418056, 17.47625], [80.6418056, 17.4765278], [80.6423611, 17.4765278], [80.6423611, 17.4793056], [80.6420833, 17.4793056], [80.6420833, 17.4804167], [80.6418056, 17.4804167], [80.6418056, 17.48125], [80.6420833, 17.48125], [80.6420833, 17.4815278], [80.6418056, 17.4815278], [80.6418056, 17.4826389], [80.6415278, 17.4826389], [80.6415278, 17.4829167], [80.6423611, 17.4829167], [80.6423611, 17.4834722], [80.6426389, 17.4834722], [80.6426389, 17.48375], [80.6429167, 17.48375], [80.6429167, 17.4840278], [80.6431944, 17.4840278], [80.6431944, 17.4843056], [80.6443056, 17.4843056], [80.6443056, 17.4848611], [80.6448611, 17.4848611], [80.6448611, 17.4859722], [80.6445833, 17.4859722], [80.6445833, 17.48625], [80.6448611, 17.48625], [80.6448611, 17.4865278], [80.6454167, 17.4865278], [80.6454167, 17.4868056], [80.6456944, 17.4868056], [80.6456944, 17.4865278], [80.6473611, 17.4865278], [80.6473611, 17.4868056], [80.6468056, 17.4868056], [80.6468056, 17.4870833], [80.6484722, 17.4870833], [80.6484722, 17.4876389], [80.6481944, 17.4876389], [80.6481944, 17.4884722], [80.6470833, 17.4884722], [80.6470833, 17.48875], [80.6473611, 17.48875], [80.6473611, 17.4895833], [80.6484722, 17.4895833], [80.6484722, 17.4904167], [80.6493056, 17.4904167], [80.6493056, 17.4906944], [80.6495833, 17.4906944], [80.6495833, 17.4904167], [80.6501389, 17.4904167], [80.6501389, 17.4901389], [80.6504167, 17.4901389], [80.6504167, 17.4898611], [80.6506944, 17.4898611], [80.6506944, 17.4895833], [80.6509722, 17.4895833], [80.6509722, 17.4890278], [80.65125, 17.4890278], [80.65125, 17.48875], [80.6515278, 17.48875], [80.6515278, 17.4884722], [80.6520833, 17.4884722], [80.6520833, 17.4901389], [80.6526389, 17.4901389], [80.6526389, 17.4904167], [80.6523611, 17.4904167], [80.6523611, 17.4909722], [80.6526389, 17.4909722], [80.6526389, 17.4915278], [80.6523611, 17.4915278], [80.6523611, 17.4918056], [80.6520833, 17.4918056], [80.6520833, 17.4920833], [80.6526389, 17.4920833], [80.6526389, 17.4929167], [80.6529167, 17.4929167], [80.6529167, 17.4931944], [80.6523611, 17.4931944], [80.6523611, 17.49375], [80.65375, 17.49375], [80.65375, 17.4926389], [80.6543056, 17.4926389], [80.6543056, 17.4929167], [80.6548611, 17.4929167], [80.6548611, 17.4915278], [80.6551389, 17.4915278], [80.6551389, 17.4909722], [80.6554167, 17.4909722], [80.6554167, 17.4906944], [80.6556944, 17.4906944], [80.6556944, 17.4904167], [80.6568056, 17.4904167], [80.6568056, 17.4895833], [80.6570833, 17.4895833], [80.6570833, 17.4898611], [80.6573611, 17.4898611], [80.6573611, 17.4901389], [80.6579167, 17.4901389], [80.6579167, 17.49125], [80.6576389, 17.49125], [80.6576389, 17.4915278], [80.65875, 17.4915278], [80.65875, 17.4918056], [80.6598611, 17.4918056], [80.6598611, 17.4915278], [80.6601389, 17.4915278], [80.6601389, 17.4918056], [80.66125, 17.4918056], [80.66125, 17.4915278], [80.6615278, 17.4915278], [80.6615278, 17.49125], [80.6618056, 17.49125], [80.6618056, 17.4915278], [80.6634722, 17.4915278], [80.6634722, 17.49125], [80.66375, 17.49125], [80.66375, 17.4915278], [80.6643056, 17.4915278], [80.6643056, 17.4906944], [80.6645833, 17.4906944], [80.6645833, 17.4898611], [80.6643056, 17.4898611], [80.6643056, 17.4895833], [80.6640278, 17.4895833], [80.6640278, 17.48875], [80.66375, 17.48875], [80.66375, 17.4881944], [80.6634722, 17.4881944], [80.6634722, 17.4876389], [80.66375, 17.4876389], [80.66375, 17.4873611], [80.6634722, 17.4873611], [80.6634722, 17.4868056], [80.6631944, 17.4868056], [80.6631944, 17.48625], [80.6634722, 17.48625], [80.6634722, 17.4859722], [80.66375, 17.4859722], [80.66375, 17.4856944], [80.6640278, 17.4856944], [80.6640278, 17.4854167], [80.66375, 17.4854167], [80.66375, 17.4848611], [80.6643056, 17.4848611], [80.6643056, 17.4843056], [80.6645833, 17.4843056], [80.6645833, 17.4834722], [80.6651389, 17.4834722], [80.6651389, 17.48375], [80.6654167, 17.48375], [80.6654167, 17.4843056], [80.6656944, 17.4843056], [80.6656944, 17.4848611], [80.6659722, 17.4848611], [80.6659722, 17.4851389], [80.66625, 17.4851389], [80.66625, 17.4848611], [80.6673611, 17.4848611], [80.6673611, 17.4845833], [80.6670833, 17.4845833], [80.6670833, 17.4843056], [80.6668056, 17.4843056], [80.6668056, 17.4834722], [80.66625, 17.4834722], [80.66625, 17.4831944], [80.6656944, 17.4831944], [80.6656944, 17.4829167], [80.6701389, 17.4829167], [80.6701389, 17.4823611], [80.6698611, 17.4823611], [80.6698611, 17.4820833], [80.6695833, 17.4820833], [80.6695833, 17.4818056], [80.6706944, 17.4818056], [80.6706944, 17.4820833], [80.67125, 17.4820833], [80.67125, 17.4818056], [80.6715278, 17.4818056], [80.6715278, 17.4823611], [80.6718056, 17.4823611], [80.6718056, 17.4829167], [80.6720833, 17.4829167], [80.6720833, 17.4840278], [80.6726389, 17.4840278], [80.6726389, 17.48375], [80.6731944, 17.48375], [80.6731944, 17.4826389], [80.6734722, 17.4826389], [80.6734722, 17.48125], [80.6740278, 17.48125], [80.6740278, 17.4806944], [80.6734722, 17.4806944], [80.6734722, 17.4804167], [80.6729167, 17.4804167], [80.6729167, 17.4801389], [80.6726389, 17.4801389], [80.6726389, 17.4798611], [80.6729167, 17.4798611], [80.6729167, 17.4795833], [80.6734722, 17.4795833], [80.6734722, 17.4798611], [80.6748611, 17.4798611], [80.6748611, 17.4801389], [80.6751389, 17.4801389], [80.6751389, 17.4804167], [80.6759722, 17.4804167], [80.6759722, 17.47875], [80.6756944, 17.47875], [80.6756944, 17.4784722], [80.6768056, 17.4784722], [80.6768056, 17.47875], [80.6770833, 17.47875], [80.6770833, 17.4790278], [80.6773611, 17.4790278], [80.6773611, 17.4793056], [80.6776389, 17.4793056], [80.6776389, 17.4790278], [80.6790278, 17.4790278], [80.6790278, 17.47875], [80.6793056, 17.47875], [80.6793056, 17.4784722], [80.6795833, 17.4784722], [80.6795833, 17.4781944], [80.6798611, 17.4781944], [80.6798611, 17.4776389], [80.6801389, 17.4776389], [80.6801389, 17.4765278], [80.6804167, 17.4765278], [80.6804167, 17.4754167], [80.6806944, 17.4754167], [80.6806944, 17.4751389], [80.6815278, 17.4751389], [80.6815278, 17.4754167], [80.6820833, 17.4754167], [80.6820833, 17.4748611], [80.6829167, 17.4748611], [80.6829167, 17.4745833], [80.6831944, 17.4745833], [80.6831944, 17.47375], [80.6829167, 17.47375], [80.6829167, 17.4729167], [80.6823611, 17.4729167], [80.6823611, 17.4726389], [80.6818056, 17.4726389], [80.6818056, 17.4723611], [80.6820833, 17.4723611], [80.6820833, 17.4720833], [80.6818056, 17.4720833], [80.6818056, 17.4718056], [80.6815278, 17.4718056], [80.6815278, 17.47125], [80.6809722, 17.47125], [80.6809722, 17.4704167], [80.6804167, 17.4704167], [80.6804167, 17.4701389], [80.6801389, 17.4701389], [80.6801389, 17.4693056], [80.6804167, 17.4693056], [80.6804167, 17.4690278], [80.6806944, 17.4690278], [80.6806944, 17.4684722], [80.6801389, 17.4684722], [80.6801389, 17.4681944], [80.6793056, 17.4681944], [80.6793056, 17.4673611], [80.6784722, 17.4673611], [80.6784722, 17.4670833], [80.6773611, 17.4670833], [80.6773611, 17.4668056], [80.6770833, 17.4668056], [80.6770833, 17.4665278], [80.6768056, 17.4665278], [80.6768056, 17.46625], [80.6770833, 17.46625], [80.6770833, 17.4656944], [80.6773611, 17.4656944], [80.6773611, 17.4651389], [80.6776389, 17.4651389], [80.6776389, 17.4648611], [80.6779167, 17.4648611], [80.6779167, 17.4645833], [80.6781944, 17.4645833], [80.6781944, 17.4643056], [80.67875, 17.4643056], [80.67875, 17.4640278], [80.6793056, 17.4640278], [80.6793056, 17.46375], [80.6790278, 17.46375], [80.6790278, 17.4629167], [80.67875, 17.4629167], [80.67875, 17.4620833], [80.6784722, 17.4620833], [80.6784722, 17.4618056], [80.6790278, 17.4618056], [80.6790278, 17.4609722], [80.6784722, 17.4609722], [80.6784722, 17.4606944], [80.6781944, 17.4606944], [80.6781944, 17.4604167], [80.6776389, 17.4604167], [80.6776389, 17.4601389], [80.6768056, 17.4601389], [80.6768056, 17.4598611], [80.6765278, 17.4598611], [80.6765278, 17.4601389], [80.6751389, 17.4601389], [80.6751389, 17.4598611], [80.6748611, 17.4598611], [80.6748611, 17.4595833], [80.6743056, 17.4595833], [80.6743056, 17.4598611], [80.6740278, 17.4598611], [80.6740278, 17.4595833], [80.67375, 17.4595833], [80.67375, 17.4598611], [80.6729167, 17.4598611], [80.6729167, 17.4601389], [80.6718056, 17.4601389], [80.6718056, 17.4598611], [80.6720833, 17.4598611], [80.6720833, 17.4593056], [80.6723611, 17.4593056], [80.6723611, 17.4584722], [80.6720833, 17.4584722], [80.6720833, 17.4579167], [80.67125, 17.4579167], [80.67125, 17.4576389], [80.6709722, 17.4576389], [80.6709722, 17.4568056], [80.6715278, 17.4568056], [80.6715278, 17.4565278], [80.6723611, 17.4565278], [80.6723611, 17.45625], [80.6726389, 17.45625], [80.6726389, 17.4559722], [80.6729167, 17.4559722], [80.6729167, 17.4554167], [80.6734722, 17.4554167], [80.6734722, 17.4548611], [80.67375, 17.4548611], [80.67375, 17.4545833], [80.6740278, 17.4545833], [80.6740278, 17.4540278], [80.6743056, 17.4540278], [80.6743056, 17.4534722], [80.6745833, 17.4534722], [80.6745833, 17.4531944], [80.6754167, 17.4531944], [80.6754167, 17.4529167], [80.6768056, 17.4529167], [80.6768056, 17.4526389], [80.6776389, 17.4526389], [80.6776389, 17.4518056], [80.6779167, 17.4518056], [80.6779167, 17.4509722], [80.6793056, 17.4509722], [80.6793056, 17.4506944], [80.6795833, 17.4506944], [80.6795833, 17.4504167], [80.6801389, 17.4504167], [80.6801389, 17.4501389], [80.68125, 17.4501389], [80.68125, 17.4504167], [80.6818056, 17.4504167], [80.6818056, 17.4498611], [80.6823611, 17.4498611], [80.6823611, 17.4495833], [80.6840278, 17.4495833], [80.6840278, 17.4490278], [80.6859722, 17.4490278], [80.6859722, 17.4484722], [80.68625, 17.4484722], [80.68625, 17.4479167], [80.6865278, 17.4479167], [80.6865278, 17.4476389], [80.6873611, 17.4476389], [80.6873611, 17.4473611], [80.6876389, 17.4473611], [80.6876389, 17.4468056], [80.6873611, 17.4468056], [80.6873611, 17.44625], [80.6876389, 17.44625], [80.6876389, 17.4459722], [80.6879167, 17.4459722], [80.6879167, 17.4456944], [80.6881944, 17.4456944], [80.6881944, 17.4454167], [80.68875, 17.4454167], [80.68875, 17.4448611], [80.6893056, 17.4448611], [80.6893056, 17.4445833], [80.6898611, 17.4445833], [80.6898611, 17.4443056], [80.6901389, 17.4443056], [80.6901389, 17.4440278], [80.6904167, 17.4440278], [80.6904167, 17.44375], [80.6909722, 17.44375], [80.6909722, 17.4434722], [80.6915278, 17.4434722], [80.6915278, 17.44375], [80.6918056, 17.44375], [80.6918056, 17.4448611], [80.6915278, 17.4448611], [80.6915278, 17.4454167], [80.69125, 17.4454167], [80.69125, 17.4459722], [80.6909722, 17.4459722], [80.6909722, 17.44625], [80.6906944, 17.44625], [80.6906944, 17.4468056], [80.6904167, 17.4468056], [80.6904167, 17.4479167], [80.6909722, 17.4479167], [80.6909722, 17.4484722], [80.6918056, 17.4484722], [80.6918056, 17.4481944], [80.6920833, 17.4481944], [80.6920833, 17.4484722], [80.6923611, 17.4484722], [80.6923611, 17.44875], [80.6929167, 17.44875], [80.6929167, 17.4490278], [80.6948611, 17.4490278], [80.6948611, 17.44875], [80.6954167, 17.44875], [80.6954167, 17.4484722], [80.6959722, 17.4484722], [80.6959722, 17.4481944], [80.6970833, 17.4481944], [80.6970833, 17.44875], [80.6968056, 17.44875], [80.6968056, 17.4501389], [80.6959722, 17.4501389], [80.6959722, 17.4509722], [80.6956944, 17.4509722], [80.6956944, 17.45125], [80.6954167, 17.45125], [80.6954167, 17.4515278], [80.6948611, 17.4515278], [80.6948611, 17.4520833], [80.6945833, 17.4520833], [80.6945833, 17.4526389], [80.6943056, 17.4526389], [80.6943056, 17.4529167], [80.6934722, 17.4529167], [80.6934722, 17.4548611], [80.6931944, 17.4548611], [80.6931944, 17.4559722], [80.69375, 17.4559722], [80.69375, 17.4556944], [80.6945833, 17.4556944], [80.6945833, 17.4554167], [80.6956944, 17.4554167], [80.6956944, 17.4556944], [80.6959722, 17.4556944], [80.6959722, 17.45625], [80.6956944, 17.45625], [80.6956944, 17.4568056], [80.69625, 17.4568056], [80.69625, 17.4573611], [80.6959722, 17.4573611], [80.6959722, 17.4579167], [80.6956944, 17.4579167], [80.6956944, 17.4581944], [80.6959722, 17.4581944], [80.6959722, 17.4590278], [80.6951389, 17.4590278], [80.6951389, 17.4593056], [80.6948611, 17.4593056], [80.6948611, 17.4598611], [80.6951389, 17.4598611], [80.6951389, 17.4601389], [80.69625, 17.4601389], [80.69625, 17.4604167], [80.6968056, 17.4604167], [80.6968056, 17.46125], [80.6970833, 17.46125], [80.6970833, 17.4615278], [80.6981944, 17.4615278], [80.6981944, 17.4618056], [80.69875, 17.4618056], [80.69875, 17.4620833], [80.6984722, 17.4620833], [80.6984722, 17.4626389], [80.6979167, 17.4626389], [80.6979167, 17.4631944], [80.6981944, 17.4631944], [80.6981944, 17.4629167], [80.69875, 17.4629167], [80.69875, 17.4640278], [80.6990278, 17.4640278], [80.6990278, 17.4643056], [80.6998611, 17.4643056], [80.6998611, 17.4645833], [80.7006944, 17.4645833], [80.7006944, 17.4651389], [80.7009722, 17.4651389], [80.7009722, 17.4654167], [80.70125, 17.4654167], [80.70125, 17.4656944], [80.7015278, 17.4656944], [80.7015278, 17.4670833], [80.70125, 17.4670833], [80.70125, 17.4681944], [80.7020833, 17.4681944], [80.7020833, 17.4690278], [80.7009722, 17.4690278], [80.7009722, 17.4693056], [80.7004167, 17.4693056], [80.7004167, 17.4695833], [80.7001389, 17.4695833], [80.7001389, 17.4698611], [80.6998611, 17.4698611], [80.6998611, 17.4701389], [80.7001389, 17.4701389], [80.7001389, 17.4704167], [80.7023611, 17.4704167], [80.7023611, 17.4693056], [80.7029167, 17.4693056], [80.7029167, 17.4690278], [80.7040278, 17.4690278], [80.7040278, 17.4693056], [80.7043056, 17.4693056], [80.7043056, 17.4695833], [80.7045833, 17.4695833], [80.7045833, 17.4698611], [80.7056944, 17.4698611], [80.7056944, 17.4706944], [80.7054167, 17.4706944], [80.7054167, 17.4709722], [80.7051389, 17.4709722], [80.7051389, 17.47125], [80.7045833, 17.47125], [80.7045833, 17.4715278], [80.7040278, 17.4715278], [80.7040278, 17.4718056], [80.70375, 17.4718056], [80.70375, 17.4726389], [80.7029167, 17.4726389], [80.7029167, 17.4729167], [80.7023611, 17.4729167], [80.7023611, 17.4731944], [80.7020833, 17.4731944], [80.7020833, 17.4734722], [80.70125, 17.4734722], [80.70125, 17.47375], [80.7009722, 17.47375], [80.7009722, 17.4740278], [80.7006944, 17.4740278], [80.7006944, 17.4743056], [80.7004167, 17.4743056], [80.7004167, 17.4740278], [80.6995833, 17.4740278], [80.6995833, 17.4745833], [80.6998611, 17.4745833], [80.6998611, 17.4748611], [80.7009722, 17.4748611], [80.7009722, 17.4745833], [80.7015278, 17.4745833], [80.7015278, 17.4748611], [80.7018056, 17.4748611], [80.7018056, 17.4751389], [80.7023611, 17.4751389], [80.7023611, 17.4754167], [80.7026389, 17.4754167], [80.7026389, 17.4751389], [80.7034722, 17.4751389], [80.7034722, 17.4754167], [80.7043056, 17.4754167], [80.7043056, 17.4751389], [80.7045833, 17.4751389], [80.7045833, 17.4748611], [80.7043056, 17.4748611], [80.7043056, 17.4745833], [80.7045833, 17.4745833], [80.7045833, 17.4743056], [80.7048611, 17.4743056], [80.7048611, 17.4740278], [80.7056944, 17.4740278], [80.7056944, 17.4743056], [80.70625, 17.4743056], [80.70625, 17.4748611], [80.7068056, 17.4748611], [80.7068056, 17.4751389], [80.7070833, 17.4751389], [80.7070833, 17.4754167], [80.7084722, 17.4754167], [80.7084722, 17.4756944], [80.7093056, 17.4756944], [80.7093056, 17.4759722], [80.7101389, 17.4759722], [80.7101389, 17.47625], [80.7098611, 17.47625], [80.7098611, 17.4773611], [80.7093056, 17.4773611], [80.7093056, 17.4776389], [80.7090278, 17.4776389], [80.7090278, 17.4773611], [80.7084722, 17.4773611], [80.7084722, 17.4770833], [80.7068056, 17.4770833], [80.7068056, 17.4773611], [80.7051389, 17.4773611], [80.7051389, 17.4779167], [80.7048611, 17.4779167], [80.7048611, 17.4776389], [80.7045833, 17.4776389], [80.7045833, 17.4773611], [80.7043056, 17.4773611], [80.7043056, 17.4770833], [80.7040278, 17.4770833], [80.7040278, 17.4768056], [80.7031944, 17.4768056], [80.7031944, 17.4773611], [80.7029167, 17.4773611], [80.7029167, 17.4781944], [80.7031944, 17.4781944], [80.7031944, 17.47875], [80.7029167, 17.47875], [80.7029167, 17.4784722], [80.7026389, 17.4784722], [80.7026389, 17.4790278], [80.70375, 17.4790278], [80.70375, 17.4793056], [80.7031944, 17.4793056], [80.7031944, 17.4798611], [80.7026389, 17.4798611], [80.7026389, 17.4801389], [80.7023611, 17.4801389], [80.7023611, 17.4806944], [80.7020833, 17.4806944], [80.7020833, 17.4823611], [80.7018056, 17.4823611], [80.7018056, 17.4826389], [80.7020833, 17.4826389], [80.7020833, 17.4829167], [80.7029167, 17.4829167], [80.7029167, 17.4840278], [80.7031944, 17.4840278], [80.7031944, 17.4843056], [80.70375, 17.4843056], [80.70375, 17.4848611], [80.7043056, 17.4848611], [80.7043056, 17.4854167], [80.70375, 17.4854167], [80.70375, 17.4856944], [80.7031944, 17.4856944], [80.7031944, 17.48625], [80.7026389, 17.48625], [80.7026389, 17.4870833], [80.7023611, 17.4870833], [80.7023611, 17.4873611], [80.7020833, 17.4873611], [80.7020833, 17.4876389], [80.7018056, 17.4876389], [80.7018056, 17.4879167], [80.7020833, 17.4879167], [80.7020833, 17.4881944], [80.7031944, 17.4881944], [80.7031944, 17.4884722], [80.7034722, 17.4884722], [80.7034722, 17.4881944], [80.70375, 17.4881944], [80.70375, 17.4873611], [80.7040278, 17.4873611], [80.7040278, 17.4870833], [80.7043056, 17.4870833], [80.7043056, 17.4868056], [80.7045833, 17.4868056], [80.7045833, 17.4865278], [80.7048611, 17.4865278], [80.7048611, 17.4859722], [80.7051389, 17.4859722], [80.7051389, 17.4856944], [80.7054167, 17.4856944], [80.7054167, 17.4859722], [80.7059722, 17.4859722], [80.7059722, 17.48625], [80.7070833, 17.48625], [80.7070833, 17.4865278], [80.7065278, 17.4865278], [80.7065278, 17.4868056], [80.7059722, 17.4868056], [80.7059722, 17.4876389], [80.7056944, 17.4876389], [80.7056944, 17.4881944], [80.7054167, 17.4881944], [80.7054167, 17.4890278], [80.7048611, 17.4890278], [80.7048611, 17.4895833], [80.7056944, 17.4895833], [80.7056944, 17.4901389], [80.7054167, 17.4901389], [80.7054167, 17.4904167], [80.7051389, 17.4904167], [80.7051389, 17.4909722], [80.7054167, 17.4909722], [80.7054167, 17.4918056], [80.7051389, 17.4918056], [80.7051389, 17.4920833], [80.7048611, 17.4920833], [80.7048611, 17.4923611], [80.7045833, 17.4923611], [80.7045833, 17.4931944], [80.7043056, 17.4931944], [80.7043056, 17.4934722], [80.7045833, 17.4934722], [80.7045833, 17.4940278], [80.7043056, 17.4940278], [80.7043056, 17.4948611], [80.7051389, 17.4948611], [80.7051389, 17.4951389], [80.7059722, 17.4951389], [80.7059722, 17.4965278], [80.7065278, 17.4965278], [80.7065278, 17.4968056], [80.7073611, 17.4968056], [80.7073611, 17.4973611], [80.7059722, 17.4973611], [80.7059722, 17.4976389], [80.7051389, 17.4976389], [80.7051389, 17.4984722], [80.7045833, 17.4984722], [80.7045833, 17.49875], [80.7043056, 17.49875], [80.7043056, 17.4984722], [80.7040278, 17.4984722], [80.7040278, 17.4990278], [80.70375, 17.4990278], [80.70375, 17.5004167], [80.7040278, 17.5004167], [80.7040278, 17.5006944], [80.7043056, 17.5006944], [80.7043056, 17.50125], [80.7040278, 17.50125], [80.7040278, 17.5018056], [80.7043056, 17.5018056], [80.7043056, 17.5026389], [80.7045833, 17.5026389], [80.7045833, 17.5040278], [80.7048611, 17.5040278], [80.7048611, 17.5043056], [80.7051389, 17.5043056], [80.7051389, 17.5045833], [80.7056944, 17.5045833], [80.7056944, 17.5048611], [80.7068056, 17.5048611], [80.7068056, 17.5054167], [80.7070833, 17.5054167], [80.7070833, 17.5056944], [80.7079167, 17.5056944], [80.7079167, 17.5059722], [80.7084722, 17.5059722], [80.7084722, 17.50625], [80.7093056, 17.50625], [80.7093056, 17.5065278], [80.7095833, 17.5065278], [80.7095833, 17.5068056], [80.7098611, 17.5068056], [80.7098611, 17.5070833], [80.7101389, 17.5070833], [80.7101389, 17.5073611], [80.7104167, 17.5073611], [80.7104167, 17.5076389], [80.7106944, 17.5076389], [80.7106944, 17.5079167], [80.7109722, 17.5079167], [80.7109722, 17.5081944], [80.71125, 17.5081944], [80.71125, 17.5084722], [80.7115278, 17.5084722], [80.7115278, 17.50875], [80.7118056, 17.50875], [80.7118056, 17.5090278], [80.7120833, 17.5090278], [80.7120833, 17.5093056], [80.7118056, 17.5093056], [80.7118056, 17.5095833], [80.71125, 17.5095833], [80.71125, 17.5098611], [80.7109722, 17.5098611], [80.7109722, 17.5101389], [80.7106944, 17.5101389], [80.7106944, 17.5120833], [80.7104167, 17.5120833], [80.7104167, 17.5123611], [80.7098611, 17.5123611], [80.7098611, 17.5120833], [80.7095833, 17.5120833], [80.7095833, 17.5118056], [80.7090278, 17.5118056], [80.7090278, 17.5120833], [80.7081944, 17.5120833], [80.7081944, 17.5123611], [80.7068056, 17.5123611], [80.7068056, 17.5126389], [80.7056944, 17.5126389], [80.7056944, 17.5129167], [80.7054167, 17.5129167], [80.7054167, 17.5131944], [80.7051389, 17.5131944], [80.7051389, 17.5134722], [80.7043056, 17.5134722], [80.7043056, 17.51375], [80.7031944, 17.51375], [80.7031944, 17.5140278], [80.7026389, 17.5140278], [80.7026389, 17.5143056], [80.7023611, 17.5143056], [80.7023611, 17.5140278], [80.7009722, 17.5140278], [80.7009722, 17.51375], [80.7004167, 17.51375], [80.7004167, 17.5134722], [80.7001389, 17.5134722], [80.7001389, 17.5129167], [80.6998611, 17.5129167], [80.6998611, 17.5126389], [80.6995833, 17.5126389], [80.6995833, 17.5123611], [80.6993056, 17.5123611], [80.6993056, 17.5120833], [80.6990278, 17.5120833], [80.6990278, 17.5118056], [80.69875, 17.5118056], [80.69875, 17.5115278], [80.6984722, 17.5115278], [80.6984722, 17.51125], [80.6965278, 17.51125], [80.6965278, 17.5109722], [80.69625, 17.5109722], [80.69625, 17.5106944], [80.6951389, 17.5106944], [80.6951389, 17.5104167], [80.69375, 17.5104167], [80.69375, 17.5109722], [80.6923611, 17.5109722], [80.6923611, 17.51125], [80.6920833, 17.51125], [80.6920833, 17.5118056], [80.6918056, 17.5118056], [80.6918056, 17.5123611], [80.69125, 17.5123611], [80.69125, 17.5131944], [80.6956944, 17.5131944], [80.6956944, 17.5129167], [80.6993056, 17.5129167], [80.6993056, 17.5131944], [80.6995833, 17.5131944], [80.6995833, 17.5134722], [80.6998611, 17.5134722], [80.6998611, 17.51375], [80.7001389, 17.51375], [80.7001389, 17.5140278], [80.7004167, 17.5140278], [80.7004167, 17.5143056], [80.7006944, 17.5143056], [80.7006944, 17.5148611], [80.7004167, 17.5148611], [80.7004167, 17.5151389], [80.7001389, 17.5151389], [80.7001389, 17.5156944], [80.6998611, 17.5156944], [80.6998611, 17.5159722], [80.6995833, 17.5159722], [80.6995833, 17.51625], [80.6993056, 17.51625], [80.6993056, 17.5165278], [80.6990278, 17.5165278], [80.6990278, 17.5170833], [80.69875, 17.5170833], [80.69875, 17.5173611], [80.6984722, 17.5173611], [80.6984722, 17.5201389], [80.6981944, 17.5201389], [80.6981944, 17.5218056], [80.6984722, 17.5218056], [80.6984722, 17.5234722], [80.69875, 17.5234722], [80.69875, 17.5248611], [80.6990278, 17.5248611], [80.6990278, 17.5251389], [80.6993056, 17.5251389], [80.6993056, 17.5259722], [80.6995833, 17.5259722], [80.6995833, 17.5268056], [80.6998611, 17.5268056], [80.6998611, 17.5273611], [80.7001389, 17.5273611], [80.7001389, 17.5276389], [80.7009722, 17.5276389], [80.7009722, 17.5273611], [80.7015278, 17.5273611], [80.7015278, 17.5270833], [80.7020833, 17.5270833], [80.7020833, 17.5268056], [80.7023611, 17.5268056], [80.7023611, 17.5265278], [80.7026389, 17.5265278], [80.7026389, 17.5259722], [80.7029167, 17.5259722], [80.7029167, 17.5256944], [80.7031944, 17.5256944], [80.7031944, 17.5254167], [80.70375, 17.5254167], [80.70375, 17.5251389], [80.7040278, 17.5251389], [80.7040278, 17.5248611], [80.7045833, 17.5248611], [80.7045833, 17.5245833], [80.7048611, 17.5245833], [80.7048611, 17.5243056], [80.7051389, 17.5243056], [80.7051389, 17.5240278], [80.7054167, 17.5240278], [80.7054167, 17.5234722], [80.7059722, 17.5234722], [80.7059722, 17.5231944], [80.7056944, 17.5231944], [80.7056944, 17.5226389], [80.7054167, 17.5226389], [80.7054167, 17.5223611], [80.7051389, 17.5223611], [80.7051389, 17.5215278], [80.7048611, 17.5215278], [80.7048611, 17.51625], [80.7051389, 17.51625], [80.7051389, 17.5165278], [80.7081944, 17.5165278], [80.7081944, 17.5168056], [80.70875, 17.5168056], [80.70875, 17.5170833], [80.7090278, 17.5170833], [80.7090278, 17.5173611], [80.7093056, 17.5173611], [80.7093056, 17.5176389], [80.7095833, 17.5176389], [80.7095833, 17.5179167], [80.7106944, 17.5179167], [80.7106944, 17.5181944], [80.7109722, 17.5181944], [80.7109722, 17.5184722], [80.71125, 17.5184722], [80.71125, 17.5190278], [80.7118056, 17.5190278], [80.7118056, 17.5193056], [80.7143056, 17.5193056], [80.7143056, 17.5195833], [80.7140278, 17.5195833], [80.7140278, 17.5204167], [80.7143056, 17.5204167], [80.7143056, 17.5226389], [80.7140278, 17.5226389], [80.7140278, 17.5234722], [80.71375, 17.5234722], [80.71375, 17.5240278], [80.7134722, 17.5240278], [80.7134722, 17.5256944], [80.71375, 17.5256944], [80.71375, 17.52625], [80.7140278, 17.52625], [80.7140278, 17.5273611], [80.7148611, 17.5273611], [80.7148611, 17.5276389], [80.7159722, 17.5276389], [80.7159722, 17.5279167], [80.7165278, 17.5279167], [80.7165278, 17.5281944], [80.7181944, 17.5281944], [80.7181944, 17.5279167], [80.71875, 17.5279167], [80.71875, 17.5276389], [80.7190278, 17.5276389], [80.7190278, 17.5265278], [80.7184722, 17.5265278], [80.7184722, 17.52625], [80.7179167, 17.52625], [80.7179167, 17.5259722], [80.7176389, 17.5259722], [80.7176389, 17.5256944], [80.7179167, 17.5256944], [80.7179167, 17.5254167], [80.7176389, 17.5254167], [80.7176389, 17.5248611], [80.7173611, 17.5248611], [80.7173611, 17.5245833], [80.7170833, 17.5245833], [80.7170833, 17.5229167], [80.7168056, 17.5229167], [80.7168056, 17.5226389], [80.7165278, 17.5226389], [80.7165278, 17.5218056], [80.71625, 17.5218056], [80.71625, 17.52125], [80.7159722, 17.52125], [80.7159722, 17.5209722], [80.7156944, 17.5209722], [80.7156944, 17.5206944], [80.7154167, 17.5206944], [80.7154167, 17.5204167], [80.7151389, 17.5204167], [80.7151389, 17.5201389], [80.7148611, 17.5201389], [80.7148611, 17.5198611], [80.7145833, 17.5198611], [80.7145833, 17.5193056], [80.7148611, 17.5193056], [80.7148611, 17.5190278], [80.7156944, 17.5190278], [80.7156944, 17.51875], [80.7168056, 17.51875], [80.7168056, 17.5184722], [80.7179167, 17.5184722], [80.7179167, 17.5181944], [80.7193056, 17.5181944], [80.7193056, 17.5179167], [80.7204167, 17.5179167], [80.7204167, 17.5176389], [80.7209722, 17.5176389], [80.7209722, 17.5173611], [80.7215278, 17.5173611], [80.7215278, 17.5170833], [80.72375, 17.5170833], [80.72375, 17.5173611], [80.7240278, 17.5173611], [80.7240278, 17.5176389], [80.7243056, 17.5176389], [80.7243056, 17.5179167], [80.7245833, 17.5179167], [80.7245833, 17.5181944], [80.7251389, 17.5181944], [80.7251389, 17.5184722], [80.7256944, 17.5184722], [80.7256944, 17.51875], [80.72625, 17.51875], [80.72625, 17.5184722], [80.7279167, 17.5184722], [80.7279167, 17.51875], [80.7290278, 17.51875], [80.7290278, 17.5190278], [80.7295833, 17.5190278], [80.7295833, 17.51875], [80.7304167, 17.51875], [80.7304167, 17.5190278], [80.7306944, 17.5190278], [80.7306944, 17.5193056], [80.7309722, 17.5193056], [80.7309722, 17.5195833], [80.73125, 17.5195833], [80.73125, 17.5198611], [80.7315278, 17.5198611], [80.7315278, 17.5201389], [80.7318056, 17.5201389], [80.7318056, 17.5204167], [80.7320833, 17.5204167], [80.7320833, 17.5206944], [80.7326389, 17.5206944], [80.7326389, 17.5209722], [80.7331944, 17.5209722], [80.7331944, 17.52125], [80.7334722, 17.52125], [80.7334722, 17.5218056], [80.7340278, 17.5218056], [80.7340278, 17.5220833], [80.7348611, 17.5220833], [80.7348611, 17.5223611], [80.7354167, 17.5223611], [80.7354167, 17.5226389], [80.7368056, 17.5226389], [80.7368056, 17.5220833], [80.7365278, 17.5220833], [80.7365278, 17.5206944], [80.7356944, 17.5206944], [80.7356944, 17.5204167], [80.7351389, 17.5204167], [80.7351389, 17.5201389], [80.7348611, 17.5201389], [80.7348611, 17.5198611], [80.7340278, 17.5198611], [80.7340278, 17.5195833], [80.7334722, 17.5195833], [80.7334722, 17.5193056], [80.7331944, 17.5193056], [80.7331944, 17.5190278], [80.7326389, 17.5190278], [80.7326389, 17.51875], [80.7323611, 17.51875], [80.7323611, 17.5184722], [80.7320833, 17.5184722], [80.7320833, 17.5181944], [80.7315278, 17.5181944], [80.7315278, 17.5179167], [80.7318056, 17.5179167], [80.7318056, 17.51375], [80.7331944, 17.51375], [80.7331944, 17.5140278], [80.7343056, 17.5140278], [80.7343056, 17.5143056], [80.7348611, 17.5143056], [80.7348611, 17.5145833], [80.7351389, 17.5145833], [80.7351389, 17.5151389], [80.7354167, 17.5151389], [80.7354167, 17.5154167], [80.7356944, 17.5154167], [80.7356944, 17.5156944], [80.7359722, 17.5156944], [80.7359722, 17.5159722], [80.73625, 17.5159722], [80.73625, 17.51625], [80.7365278, 17.51625], [80.7365278, 17.5165278], [80.7373611, 17.5165278], [80.7373611, 17.51625], [80.7379167, 17.51625], [80.7379167, 17.5159722], [80.7381944, 17.5159722], [80.7381944, 17.5154167], [80.7384722, 17.5154167], [80.7384722, 17.5151389], [80.7381944, 17.5151389], [80.7381944, 17.5145833], [80.7379167, 17.5145833], [80.7379167, 17.51375], [80.7381944, 17.51375], [80.7381944, 17.5129167], [80.7384722, 17.5129167], [80.7384722, 17.5115278], [80.73875, 17.5115278], [80.73875, 17.5118056], [80.7390278, 17.5118056], [80.7390278, 17.5123611], [80.7393056, 17.5123611], [80.7393056, 17.5126389], [80.7395833, 17.5126389], [80.7395833, 17.5129167], [80.7415278, 17.5129167], [80.7415278, 17.5123611], [80.7420833, 17.5123611], [80.7420833, 17.5118056], [80.7423611, 17.5118056], [80.7423611, 17.5115278], [80.7420833, 17.5115278], [80.7420833, 17.51125], [80.7423611, 17.51125], [80.7423611, 17.5104167], [80.7426389, 17.5104167], [80.7426389, 17.5106944], [80.7434722, 17.5106944], [80.7434722, 17.5101389], [80.7431944, 17.5101389], [80.7431944, 17.5098611], [80.7429167, 17.5098611], [80.7429167, 17.5093056], [80.7431944, 17.5093056], [80.7431944, 17.50875], [80.7429167, 17.50875], [80.7429167, 17.5084722], [80.7426389, 17.5084722], [80.7426389, 17.5070833], [80.7423611, 17.5070833], [80.7423611, 17.5068056], [80.7420833, 17.5068056], [80.7420833, 17.5065278], [80.7418056, 17.5065278], [80.7418056, 17.50625], [80.7415278, 17.50625], [80.7415278, 17.5059722], [80.74125, 17.5059722], [80.74125, 17.5056944], [80.7409722, 17.5056944], [80.7409722, 17.5045833], [80.7406944, 17.5045833], [80.7406944, 17.5040278], [80.7404167, 17.5040278], [80.7404167, 17.5015278], [80.7401389, 17.5015278], [80.7401389, 17.50125], [80.7398611, 17.50125], [80.7398611, 17.5009722], [80.73875, 17.5009722], [80.73875, 17.5006944], [80.7401389, 17.5006944], [80.7401389, 17.5004167], [80.7404167, 17.5004167], [80.7404167, 17.5001389], [80.7418056, 17.5001389], [80.7418056, 17.5009722], [80.7426389, 17.5009722], [80.7426389, 17.50125], [80.7429167, 17.50125], [80.7429167, 17.5015278], [80.7431944, 17.5015278], [80.7431944, 17.5018056], [80.7434722, 17.5018056], [80.7434722, 17.5029167], [80.7445833, 17.5029167], [80.7445833, 17.5031944], [80.7448611, 17.5031944], [80.7448611, 17.5034722], [80.7454167, 17.5034722], [80.7454167, 17.5040278], [80.7465278, 17.5040278], [80.7465278, 17.5026389], [80.7468056, 17.5026389], [80.7468056, 17.5020833], [80.7473611, 17.5020833], [80.7473611, 17.5018056], [80.7476389, 17.5018056], [80.7476389, 17.5015278], [80.7479167, 17.5015278], [80.7479167, 17.50125], [80.7481944, 17.50125], [80.7481944, 17.5009722], [80.7484722, 17.5009722], [80.7484722, 17.5006944], [80.74875, 17.5006944], [80.74875, 17.5001389], [80.7490278, 17.5001389], [80.7490278, 17.4993056], [80.74875, 17.4993056], [80.74875, 17.4981944], [80.7484722, 17.4981944], [80.7484722, 17.4970833], [80.7490278, 17.4970833], [80.7490278, 17.4973611], [80.7493056, 17.4973611], [80.7493056, 17.4976389], [80.7495833, 17.4976389], [80.7495833, 17.4979167], [80.7498611, 17.4979167], [80.7498611, 17.4984722], [80.7501389, 17.4984722], [80.7501389, 17.5001389], [80.7506944, 17.5001389], [80.7506944, 17.4998611], [80.75125, 17.4998611], [80.75125, 17.4993056], [80.7515278, 17.4993056], [80.7515278, 17.4990278], [80.75125, 17.4990278], [80.75125, 17.4984722], [80.7515278, 17.4984722], [80.7515278, 17.4976389], [80.7509722, 17.4976389], [80.7509722, 17.4968056], [80.7493056, 17.4968056], [80.7493056, 17.4965278], [80.7490278, 17.4965278], [80.7490278, 17.49625], [80.74875, 17.49625], [80.74875, 17.4959722], [80.7490278, 17.4959722], [80.7490278, 17.4954167], [80.7493056, 17.4954167], [80.7493056, 17.4948611], [80.7490278, 17.4948611], [80.7490278, 17.49375], [80.74875, 17.49375], [80.74875, 17.4934722], [80.7484722, 17.4934722], [80.7484722, 17.4931944], [80.7481944, 17.4931944], [80.7481944, 17.4929167], [80.7479167, 17.4929167], [80.7479167, 17.4923611], [80.7481944, 17.4923611], [80.7481944, 17.4920833], [80.7484722, 17.4920833], [80.7484722, 17.4918056], [80.74875, 17.4918056], [80.74875, 17.4915278], [80.7493056, 17.4915278], [80.7493056, 17.49125], [80.7495833, 17.49125], [80.7495833, 17.4909722], [80.7498611, 17.4909722], [80.7498611, 17.4906944], [80.7501389, 17.4906944], [80.7501389, 17.4904167], [80.7504167, 17.4904167], [80.7504167, 17.4906944], [80.7506944, 17.4906944], [80.7506944, 17.4909722], [80.7509722, 17.4909722], [80.7509722, 17.49125], [80.75125, 17.49125], [80.75125, 17.4915278], [80.7515278, 17.4915278], [80.7515278, 17.4918056], [80.7518056, 17.4918056], [80.7518056, 17.4923611], [80.7520833, 17.4923611], [80.7520833, 17.4929167], [80.7529167, 17.4929167], [80.7529167, 17.4940278], [80.7531944, 17.4940278], [80.7531944, 17.4948611], [80.7534722, 17.4948611], [80.7534722, 17.4951389], [80.7531944, 17.4951389], [80.7531944, 17.4954167], [80.7529167, 17.4954167], [80.7529167, 17.4959722], [80.7531944, 17.4959722], [80.7531944, 17.4979167], [80.7529167, 17.4979167], [80.7529167, 17.4981944], [80.7526389, 17.4981944], [80.7526389, 17.4984722], [80.7523611, 17.4984722], [80.7523611, 17.4990278], [80.7526389, 17.4990278], [80.7526389, 17.4995833], [80.7529167, 17.4995833], [80.7529167, 17.5001389], [80.7526389, 17.5001389], [80.7526389, 17.5004167], [80.7523611, 17.5004167], [80.7523611, 17.50125], [80.7526389, 17.50125], [80.7526389, 17.5018056], [80.7529167, 17.5018056], [80.7529167, 17.5020833], [80.7531944, 17.5020833], [80.7531944, 17.5023611], [80.7534722, 17.5023611], [80.7534722, 17.5026389], [80.7543056, 17.5026389], [80.7543056, 17.5029167], [80.7531944, 17.5029167], [80.7531944, 17.5031944], [80.7529167, 17.5031944], [80.7529167, 17.50375], [80.7518056, 17.50375], [80.7518056, 17.5040278], [80.75125, 17.5040278], [80.75125, 17.50375], [80.7501389, 17.50375], [80.7501389, 17.5034722], [80.7495833, 17.5034722], [80.7495833, 17.50375], [80.7481944, 17.50375], [80.7481944, 17.5043056], [80.7479167, 17.5043056], [80.7479167, 17.5048611], [80.7498611, 17.5048611], [80.7498611, 17.5045833], [80.7515278, 17.5045833], [80.7515278, 17.5059722], [80.75125, 17.5059722], [80.75125, 17.5070833], [80.7515278, 17.5070833], [80.7515278, 17.5079167], [80.75125, 17.5079167], [80.75125, 17.5081944], [80.7509722, 17.5081944], [80.7509722, 17.50875], [80.7520833, 17.50875], [80.7520833, 17.5079167], [80.7523611, 17.5079167], [80.7523611, 17.5076389], [80.7526389, 17.5076389], [80.7526389, 17.5073611], [80.7529167, 17.5073611], [80.7529167, 17.5070833], [80.7531944, 17.5070833], [80.7531944, 17.5065278], [80.7540278, 17.5065278], [80.7540278, 17.50625], [80.7548611, 17.50625], [80.7548611, 17.5059722], [80.7551389, 17.5059722], [80.7551389, 17.5054167], [80.7559722, 17.5054167], [80.7559722, 17.5051389], [80.75625, 17.5051389], [80.75625, 17.5043056], [80.7565278, 17.5043056], [80.7565278, 17.5045833], [80.7568056, 17.5045833], [80.7568056, 17.5048611], [80.7579167, 17.5048611], [80.7579167, 17.5045833], [80.75875, 17.5045833], [80.75875, 17.5043056], [80.7593056, 17.5043056], [80.7593056, 17.5045833], [80.7606944, 17.5045833], [80.7606944, 17.5043056], [80.7609722, 17.5043056], [80.7609722, 17.5029167], [80.7623611, 17.5029167], [80.7623611, 17.5026389], [80.7626389, 17.5026389], [80.7626389, 17.5029167], [80.7631944, 17.5029167], [80.7631944, 17.5031944], [80.7645833, 17.5031944], [80.7645833, 17.50375], [80.7643056, 17.50375], [80.7643056, 17.5040278], [80.76375, 17.5040278], [80.76375, 17.5043056], [80.7634722, 17.5043056], [80.7634722, 17.5054167], [80.7640278, 17.5054167], [80.7640278, 17.5051389], [80.7648611, 17.5051389], [80.7648611, 17.5048611], [80.7659722, 17.5048611], [80.7659722, 17.5045833], [80.76625, 17.5045833], [80.76625, 17.5056944], [80.7665278, 17.5056944], [80.7665278, 17.5065278], [80.7673611, 17.5065278], [80.7673611, 17.5068056], [80.7690278, 17.5068056], [80.7690278, 17.5070833], [80.76875, 17.5070833], [80.76875, 17.5073611], [80.7684722, 17.5073611], [80.7684722, 17.5081944], [80.7681944, 17.5081944], [80.7681944, 17.5101389], [80.7690278, 17.5101389], [80.7690278, 17.5098611], [80.7693056, 17.5098611], [80.7693056, 17.5095833], [80.7695833, 17.5095833], [80.7695833, 17.5093056], [80.7709722, 17.5093056], [80.7709722, 17.5090278], [80.7715278, 17.5090278], [80.7715278, 17.50875], [80.7718056, 17.50875], [80.7718056, 17.5081944], [80.7720833, 17.5081944], [80.7720833, 17.5079167], [80.7718056, 17.5079167], [80.7718056, 17.5076389], [80.77125, 17.5076389], [80.77125, 17.5073611], [80.7720833, 17.5073611], [80.7720833, 17.5070833], [80.7723611, 17.5070833], [80.7723611, 17.5065278], [80.7729167, 17.5065278], [80.7729167, 17.5068056], [80.77375, 17.5068056], [80.77375, 17.5070833], [80.7745833, 17.5070833], [80.7745833, 17.5073611], [80.7748611, 17.5073611], [80.7748611, 17.5076389], [80.7754167, 17.5076389], [80.7754167, 17.5073611], [80.7756944, 17.5073611], [80.7756944, 17.5070833], [80.7759722, 17.5070833], [80.7759722, 17.5065278], [80.77625, 17.5065278], [80.77625, 17.5059722], [80.7768056, 17.5059722], [80.7768056, 17.5056944], [80.7773611, 17.5056944], [80.7773611, 17.5054167], [80.7781944, 17.5054167], [80.7781944, 17.5056944], [80.7784722, 17.5056944], [80.7784722, 17.5059722], [80.77875, 17.5059722], [80.77875, 17.5076389], [80.7784722, 17.5076389], [80.7784722, 17.5079167], [80.77875, 17.5079167], [80.77875, 17.50875], [80.7793056, 17.50875], [80.7793056, 17.5090278], [80.7798611, 17.5090278], [80.7798611, 17.5095833], [80.7795833, 17.5095833], [80.7795833, 17.5101389], [80.7793056, 17.5101389], [80.7793056, 17.5104167], [80.7795833, 17.5104167], [80.7795833, 17.5109722], [80.7801389, 17.5109722], [80.7801389, 17.51125], [80.7806944, 17.51125], [80.7806944, 17.5118056], [80.7815278, 17.5118056], [80.7815278, 17.5106944], [80.7818056, 17.5106944], [80.7818056, 17.5098611], [80.7815278, 17.5098611], [80.7815278, 17.5095833], [80.7809722, 17.5095833], [80.7809722, 17.5093056], [80.78125, 17.5093056], [80.78125, 17.50875], [80.7815278, 17.50875], [80.7815278, 17.5081944], [80.78125, 17.5081944], [80.78125, 17.5079167], [80.7809722, 17.5079167], [80.7809722, 17.5076389], [80.7806944, 17.5076389], [80.7806944, 17.5073611], [80.7804167, 17.5073611], [80.7804167, 17.5065278], [80.7809722, 17.5065278], [80.7809722, 17.50625], [80.7818056, 17.50625], [80.7818056, 17.5056944], [80.7820833, 17.5056944], [80.7820833, 17.5051389], [80.7823611, 17.5051389], [80.7823611, 17.50625], [80.7826389, 17.50625], [80.7826389, 17.5076389], [80.7843056, 17.5076389], [80.7843056, 17.5084722], [80.7845833, 17.5084722], [80.7845833, 17.50875], [80.7848611, 17.50875], [80.7848611, 17.5090278], [80.7845833, 17.5090278], [80.7845833, 17.5095833], [80.7843056, 17.5095833], [80.7843056, 17.5098611], [80.7845833, 17.5098611], [80.7845833, 17.5104167], [80.7848611, 17.5104167], [80.7848611, 17.5109722], [80.7859722, 17.5109722], [80.7859722, 17.5106944], [80.7865278, 17.5106944], [80.7865278, 17.5104167], [80.7868056, 17.5104167], [80.7868056, 17.5101389], [80.7873611, 17.5101389], [80.7873611, 17.5104167], [80.7876389, 17.5104167], [80.7876389, 17.5109722], [80.7879167, 17.5109722], [80.7879167, 17.51125], [80.7881944, 17.51125], [80.7881944, 17.5129167], [80.7884722, 17.5129167], [80.7884722, 17.5134722], [80.78875, 17.5134722], [80.78875, 17.51375], [80.7890278, 17.51375], [80.7890278, 17.5140278], [80.7893056, 17.5140278], [80.7893056, 17.5143056], [80.7898611, 17.5143056], [80.7898611, 17.5145833], [80.7901389, 17.5145833], [80.7901389, 17.5148611], [80.7898611, 17.5148611], [80.7898611, 17.5151389], [80.7895833, 17.5151389], [80.7895833, 17.5154167], [80.7890278, 17.5154167], [80.7890278, 17.5156944], [80.78875, 17.5156944], [80.78875, 17.5159722], [80.7884722, 17.5159722], [80.7884722, 17.5168056], [80.78875, 17.5168056], [80.78875, 17.5179167], [80.7884722, 17.5179167], [80.7884722, 17.5184722], [80.7881944, 17.5184722], [80.7881944, 17.5198611], [80.7884722, 17.5198611], [80.7884722, 17.5201389], [80.78875, 17.5201389], [80.78875, 17.5204167], [80.7901389, 17.5204167], [80.7901389, 17.5201389], [80.7906944, 17.5201389], [80.7906944, 17.5204167], [80.79125, 17.5204167], [80.79125, 17.5201389], [80.7918056, 17.5201389], [80.7918056, 17.5198611], [80.7926389, 17.5198611], [80.7926389, 17.5201389], [80.79375, 17.5201389], [80.79375, 17.5198611], [80.7945833, 17.5198611], [80.7945833, 17.51875], [80.7948611, 17.51875], [80.7948611, 17.5184722], [80.7945833, 17.5184722], [80.7945833, 17.5179167], [80.7943056, 17.5179167], [80.7943056, 17.5176389], [80.7940278, 17.5176389], [80.7940278, 17.5173611], [80.7948611, 17.5173611], [80.7948611, 17.5176389], [80.7954167, 17.5176389], [80.7954167, 17.5170833], [80.7951389, 17.5170833], [80.7951389, 17.5168056], [80.7954167, 17.5168056], [80.7954167, 17.5165278], [80.7970833, 17.5165278], [80.7970833, 17.5168056], [80.7973611, 17.5168056], [80.7973611, 17.5170833], [80.7976389, 17.5170833], [80.7976389, 17.5168056], [80.7979167, 17.5168056], [80.7979167, 17.5165278], [80.7984722, 17.5165278], [80.7984722, 17.5170833], [80.79875, 17.5170833], [80.79875, 17.5181944], [80.8001389, 17.5181944], [80.8001389, 17.5179167], [80.8004167, 17.5179167], [80.8004167, 17.5173611], [80.8006944, 17.5173611], [80.8006944, 17.5170833], [80.8023611, 17.5170833], [80.8023611, 17.5176389], [80.8029167, 17.5176389], [80.8029167, 17.5179167], [80.8031944, 17.5179167], [80.8031944, 17.5181944], [80.8034722, 17.5181944], [80.8034722, 17.51875], [80.8031944, 17.51875], [80.8031944, 17.5193056], [80.8034722, 17.5193056], [80.8034722, 17.5195833], [80.8040278, 17.5195833], [80.8040278, 17.5198611], [80.8059722, 17.5198611], [80.8059722, 17.52125], [80.80625, 17.52125], [80.80625, 17.5215278], [80.8073611, 17.5215278], [80.8073611, 17.5218056], [80.8079167, 17.5218056], [80.8079167, 17.5223611], [80.8076389, 17.5223611], [80.8076389, 17.5229167], [80.8079167, 17.5229167], [80.8079167, 17.5231944], [80.8120833, 17.5231944], [80.8120833, 17.5229167], [80.8126389, 17.5229167], [80.8126389, 17.5231944], [80.8131944, 17.5231944], [80.8131944, 17.5234722], [80.8134722, 17.5234722], [80.8134722, 17.5243056], [80.8131944, 17.5243056], [80.8131944, 17.5245833], [80.8134722, 17.5245833], [80.8134722, 17.5256944], [80.8131944, 17.5256944], [80.8131944, 17.5259722], [80.8129167, 17.5259722], [80.8129167, 17.5279167], [80.8131944, 17.5279167], [80.8131944, 17.5281944], [80.8134722, 17.5281944], [80.8134722, 17.5290278], [80.8131944, 17.5290278], [80.8131944, 17.5293056], [80.8134722, 17.5293056], [80.8134722, 17.5304167], [80.81375, 17.5304167], [80.81375, 17.5306944], [80.8140278, 17.5306944], [80.8140278, 17.5315278], [80.8143056, 17.5315278], [80.8143056, 17.5318056], [80.8145833, 17.5318056], [80.8145833, 17.5323611], [80.8148611, 17.5323611], [80.8148611, 17.5331944], [80.8151389, 17.5331944], [80.8151389, 17.5334722], [80.8154167, 17.5334722], [80.8154167, 17.53375], [80.8156944, 17.53375], [80.8156944, 17.5340278], [80.8159722, 17.5340278], [80.8159722, 17.5343056], [80.8165278, 17.5343056], [80.8165278, 17.5345833], [80.8168056, 17.5345833], [80.8168056, 17.5348611], [80.8170833, 17.5348611], [80.8170833, 17.5359722], [80.8179167, 17.5359722], [80.8179167, 17.5365278], [80.8176389, 17.5365278], [80.8176389, 17.5370833], [80.8179167, 17.5370833], [80.8179167, 17.5376389], [80.8173611, 17.5376389], [80.8173611, 17.5381944], [80.8179167, 17.5381944], [80.8179167, 17.5390278], [80.8176389, 17.5390278], [80.8176389, 17.5395833], [80.8173611, 17.5395833], [80.8173611, 17.5401389], [80.8165278, 17.5401389], [80.8165278, 17.5404167], [80.81625, 17.5404167], [80.81625, 17.5406944], [80.8148611, 17.5406944], [80.8148611, 17.5409722], [80.8145833, 17.5409722], [80.8145833, 17.54125], [80.8143056, 17.54125], [80.8143056, 17.5415278], [80.8140278, 17.5415278], [80.8140278, 17.5420833], [80.8134722, 17.5420833], [80.8134722, 17.5426389], [80.8123611, 17.5426389], [80.8123611, 17.54375], [80.8115278, 17.54375], [80.8115278, 17.5448611], [80.8118056, 17.5448611], [80.8118056, 17.5456944], [80.8126389, 17.5456944], [80.8126389, 17.54625], [80.8143056, 17.54625], [80.8143056, 17.5465278], [80.8145833, 17.5465278], [80.8145833, 17.5468056], [80.8154167, 17.5468056], [80.8154167, 17.5473611], [80.8151389, 17.5473611], [80.8151389, 17.5476389], [80.8148611, 17.5476389], [80.8148611, 17.5481944], [80.8143056, 17.5481944], [80.8143056, 17.5484722], [80.8145833, 17.5484722], [80.8145833, 17.54875], [80.8143056, 17.54875], [80.8143056, 17.5490278], [80.8140278, 17.5490278], [80.8140278, 17.5498611], [80.8134722, 17.5498611], [80.8134722, 17.5501389], [80.8131944, 17.5501389], [80.8131944, 17.5504167], [80.81375, 17.5504167], [80.81375, 17.5515278], [80.8143056, 17.5515278], [80.8143056, 17.5520833], [80.8140278, 17.5520833], [80.8140278, 17.5526389], [80.8134722, 17.5526389], [80.8134722, 17.5534722], [80.81375, 17.5534722], [80.81375, 17.55375], [80.8140278, 17.55375], [80.8140278, 17.5540278], [80.8143056, 17.5540278], [80.8143056, 17.5543056], [80.8148611, 17.5543056], [80.8148611, 17.5548611], [80.8151389, 17.5548611], [80.8151389, 17.5551389], [80.8156944, 17.5551389], [80.8156944, 17.5554167], [80.8159722, 17.5554167], [80.8159722, 17.5556944], [80.8165278, 17.5556944], [80.8165278, 17.5559722], [80.8168056, 17.5559722], [80.8168056, 17.5565278], [80.8170833, 17.5565278], [80.8170833, 17.5568056], [80.8173611, 17.5568056], [80.8173611, 17.5570833], [80.8176389, 17.5570833], [80.8176389, 17.5576389], [80.8181944, 17.5576389], [80.8181944, 17.5579167], [80.8184722, 17.5579167], [80.8184722, 17.5590278], [80.8181944, 17.5590278], [80.8181944, 17.5593056], [80.8179167, 17.5593056], [80.8179167, 17.5598611], [80.8176389, 17.5598611], [80.8176389, 17.5606944], [80.8179167, 17.5606944], [80.8179167, 17.5609722], [80.8181944, 17.5609722], [80.8181944, 17.5615278], [80.8184722, 17.5615278], [80.8184722, 17.5620833], [80.8181944, 17.5620833], [80.8181944, 17.56375], [80.8184722, 17.56375], [80.8184722, 17.5640278], [80.8190278, 17.5640278], [80.8190278, 17.5643056], [80.8193056, 17.5643056], [80.8193056, 17.5645833], [80.8198611, 17.5645833], [80.8198611, 17.56625], [80.8201389, 17.56625], [80.8201389, 17.5673611], [80.8198611, 17.5673611], [80.8198611, 17.5679167], [80.8201389, 17.5679167], [80.8201389, 17.56875], [80.8198611, 17.56875], [80.8198611, 17.5690278], [80.8195833, 17.5690278], [80.8195833, 17.5693056], [80.8193056, 17.5693056], [80.8193056, 17.5701389], [80.8190278, 17.5701389], [80.8190278, 17.5704167], [80.81875, 17.5704167], [80.81875, 17.5709722], [80.8184722, 17.5709722], [80.8184722, 17.5715278], [80.8181944, 17.5715278], [80.8181944, 17.5720833], [80.8176389, 17.5720833], [80.8176389, 17.5726389], [80.8173611, 17.5726389], [80.8173611, 17.5729167], [80.8170833, 17.5729167], [80.8170833, 17.5731944], [80.8173611, 17.5731944], [80.8173611, 17.5734722], [80.8176389, 17.5734722], [80.8176389, 17.5745833], [80.8184722, 17.5745833], [80.8184722, 17.5751389], [80.81875, 17.5751389], [80.81875, 17.5756944], [80.8195833, 17.5756944], [80.8195833, 17.5759722], [80.8198611, 17.5759722], [80.8198611, 17.5765278], [80.8201389, 17.5765278], [80.8201389, 17.5768056], [80.8204167, 17.5768056], [80.8204167, 17.5776389], [80.8209722, 17.5776389], [80.8209722, 17.5793056], [80.8206944, 17.5793056], [80.8206944, 17.5801389], [80.8209722, 17.5801389], [80.8209722, 17.5804167], [80.82125, 17.5804167], [80.82125, 17.5834722], [80.8209722, 17.5834722], [80.8209722, 17.58375], [80.8206944, 17.58375], [80.8206944, 17.5840278], [80.8201389, 17.5840278], [80.8201389, 17.5845833], [80.8193056, 17.5845833], [80.8193056, 17.5851389], [80.8190278, 17.5851389], [80.8190278, 17.5854167], [80.8193056, 17.5854167], [80.8193056, 17.5856944], [80.8190278, 17.5856944], [80.8190278, 17.58625], [80.8181944, 17.58625], [80.8181944, 17.5865278], [80.8179167, 17.5865278], [80.8179167, 17.5879167], [80.8176389, 17.5879167], [80.8176389, 17.5881944], [80.8181944, 17.5881944], [80.8181944, 17.58875], [80.81875, 17.58875], [80.81875, 17.5890278], [80.8195833, 17.5890278], [80.8195833, 17.5893056], [80.8198611, 17.5893056], [80.8198611, 17.5895833], [80.8209722, 17.5895833], [80.8209722, 17.5898611], [80.82125, 17.5898611], [80.82125, 17.5904167], [80.8215278, 17.5904167], [80.8215278, 17.5906944], [80.8223611, 17.5906944], [80.8223611, 17.5909722], [80.8229167, 17.5909722], [80.8229167, 17.59125], [80.8231944, 17.59125], [80.8231944, 17.5923611], [80.8234722, 17.5923611], [80.8234722, 17.5926389], [80.8240278, 17.5926389], [80.8240278, 17.5929167], [80.8243056, 17.5929167], [80.8243056, 17.5934722], [80.8248611, 17.5934722], [80.8248611, 17.5940278], [80.8251389, 17.5940278], [80.8251389, 17.5945833], [80.8256944, 17.5945833], [80.8256944, 17.5948611], [80.8254167, 17.5948611], [80.8254167, 17.5954167], [80.8248611, 17.5954167], [80.8248611, 17.5956944], [80.8245833, 17.5956944], [80.8245833, 17.59625], [80.8243056, 17.59625], [80.8243056, 17.5965278], [80.8240278, 17.5965278], [80.8240278, 17.5968056], [80.82375, 17.5968056], [80.82375, 17.5970833], [80.8240278, 17.5970833], [80.8240278, 17.5973611], [80.8251389, 17.5973611], [80.8251389, 17.5976389], [80.8254167, 17.5976389], [80.8254167, 17.5981944], [80.8256944, 17.5981944], [80.8256944, 17.5984722], [80.8259722, 17.5984722], [80.8259722, 17.59875], [80.8248611, 17.59875], [80.8248611, 17.5990278], [80.8245833, 17.5990278], [80.8245833, 17.5993056], [80.82375, 17.5993056], [80.82375, 17.5995833], [80.8234722, 17.5995833], [80.8234722, 17.6006944], [80.8231944, 17.6006944], [80.8231944, 17.6009722], [80.8229167, 17.6009722], [80.8229167, 17.6004167], [80.8226389, 17.6004167], [80.8226389, 17.6001389], [80.8220833, 17.6001389], [80.8220833, 17.6004167], [80.8209722, 17.6004167], [80.8209722, 17.6006944], [80.8204167, 17.6006944], [80.8204167, 17.6009722], [80.8201389, 17.6009722], [80.8201389, 17.60125], [80.8198611, 17.60125], [80.8198611, 17.6015278], [80.8195833, 17.6015278], [80.8195833, 17.6018056], [80.8190278, 17.6018056], [80.8190278, 17.6020833], [80.8184722, 17.6020833], [80.8184722, 17.6023611], [80.8179167, 17.6023611], [80.8179167, 17.6020833], [80.8173611, 17.6020833], [80.8173611, 17.6018056], [80.8170833, 17.6018056], [80.8170833, 17.6015278], [80.8168056, 17.6015278], [80.8168056, 17.60125], [80.8165278, 17.60125], [80.8165278, 17.6009722], [80.8159722, 17.6009722], [80.8159722, 17.60125], [80.8154167, 17.60125], [80.8154167, 17.6009722], [80.8140278, 17.6009722], [80.8140278, 17.6006944], [80.81375, 17.6006944], [80.81375, 17.6004167], [80.8134722, 17.6004167], [80.8134722, 17.5998611], [80.8126389, 17.5998611], [80.8126389, 17.5995833], [80.8123611, 17.5995833], [80.8123611, 17.5990278], [80.8120833, 17.5990278], [80.8120833, 17.59875], [80.8118056, 17.59875], [80.8118056, 17.5981944], [80.8115278, 17.5981944], [80.8115278, 17.5979167], [80.8104167, 17.5979167], [80.8104167, 17.5981944], [80.8101389, 17.5981944], [80.8101389, 17.5976389], [80.8098611, 17.5976389], [80.8098611, 17.5970833], [80.8095833, 17.5970833], [80.8095833, 17.5968056], [80.8090278, 17.5968056], [80.8090278, 17.59625], [80.80875, 17.59625], [80.80875, 17.5965278], [80.8084722, 17.5965278], [80.8084722, 17.5970833], [80.8081944, 17.5970833], [80.8081944, 17.5968056], [80.8070833, 17.5968056], [80.8070833, 17.59625], [80.8068056, 17.59625], [80.8068056, 17.5954167], [80.8065278, 17.5954167], [80.8065278, 17.5951389], [80.80625, 17.5951389], [80.80625, 17.5948611], [80.8059722, 17.5948611], [80.8059722, 17.5945833], [80.8056944, 17.5945833], [80.8056944, 17.5948611], [80.8051389, 17.5948611], [80.8051389, 17.5951389], [80.8048611, 17.5951389], [80.8048611, 17.5954167], [80.8051389, 17.5954167], [80.8051389, 17.5956944], [80.8048611, 17.5956944], [80.8048611, 17.5965278], [80.8040278, 17.5965278], [80.8040278, 17.5970833], [80.80375, 17.5970833], [80.80375, 17.5973611], [80.8020833, 17.5973611], [80.8020833, 17.5970833], [80.80125, 17.5970833], [80.80125, 17.5973611], [80.8004167, 17.5973611], [80.8004167, 17.5979167], [80.8001389, 17.5979167], [80.8001389, 17.5981944], [80.7995833, 17.5981944], [80.7995833, 17.5984722], [80.7993056, 17.5984722], [80.7993056, 17.59875], [80.79875, 17.59875], [80.79875, 17.5993056], [80.7979167, 17.5993056], [80.7979167, 17.5998611], [80.79625, 17.5998611], [80.79625, 17.5995833], [80.7956944, 17.5995833], [80.7956944, 17.5998611], [80.7954167, 17.5998611], [80.7954167, 17.6001389], [80.7945833, 17.6001389], [80.7945833, 17.6009722], [80.7943056, 17.6009722], [80.7943056, 17.60125], [80.7940278, 17.60125], [80.7940278, 17.6015278], [80.79375, 17.6015278], [80.79375, 17.6020833], [80.7923611, 17.6020833], [80.7923611, 17.6023611], [80.7920833, 17.6023611], [80.7920833, 17.6026389], [80.7918056, 17.6026389], [80.7918056, 17.6023611], [80.7915278, 17.6023611], [80.7915278, 17.6020833], [80.79125, 17.6020833], [80.79125, 17.6018056], [80.7906944, 17.6018056], [80.7906944, 17.6015278], [80.7904167, 17.6015278], [80.7904167, 17.6020833], [80.7895833, 17.6020833], [80.7895833, 17.6023611], [80.7893056, 17.6023611], [80.7893056, 17.6034722], [80.7879167, 17.6034722], [80.7879167, 17.6040278], [80.7876389, 17.6040278], [80.7876389, 17.6043056], [80.7865278, 17.6043056], [80.7865278, 17.60375], [80.7859722, 17.60375], [80.7859722, 17.6040278], [80.7856944, 17.6040278], [80.7856944, 17.6043056], [80.78375, 17.6043056], [80.78375, 17.6045833], [80.7823611, 17.6045833], [80.7823611, 17.6048611], [80.7820833, 17.6048611], [80.7820833, 17.6051389], [80.7809722, 17.6051389], [80.7809722, 17.6054167], [80.7798611, 17.6054167], [80.7798611, 17.6056944], [80.7795833, 17.6056944], [80.7795833, 17.60625], [80.7793056, 17.60625], [80.7793056, 17.6065278], [80.7779167, 17.6065278], [80.7779167, 17.6068056], [80.7773611, 17.6068056], [80.7773611, 17.6065278], [80.7770833, 17.6065278], [80.7770833, 17.6068056], [80.7765278, 17.6068056], [80.7765278, 17.6065278], [80.77625, 17.6065278], [80.77625, 17.6068056], [80.7748611, 17.6068056], [80.7748611, 17.6065278], [80.77375, 17.6065278], [80.77375, 17.6068056], [80.7734722, 17.6068056], [80.7734722, 17.6065278], [80.7726389, 17.6065278], [80.7726389, 17.6068056], [80.7723611, 17.6068056], [80.7723611, 17.6070833], [80.7720833, 17.6070833], [80.7720833, 17.6068056], [80.7718056, 17.6068056], [80.7718056, 17.6065278], [80.7706944, 17.6065278], [80.7706944, 17.6068056], [80.7704167, 17.6068056], [80.7704167, 17.6070833], [80.7701389, 17.6070833], [80.7701389, 17.6073611], [80.7695833, 17.6073611], [80.7695833, 17.6070833], [80.7681944, 17.6070833], [80.7681944, 17.6065278], [80.7676389, 17.6065278], [80.7676389, 17.60625], [80.7673611, 17.60625], [80.7673611, 17.6059722], [80.7668056, 17.6059722], [80.7668056, 17.60625], [80.7665278, 17.60625], [80.7665278, 17.6065278], [80.7656944, 17.6065278], [80.7656944, 17.6068056], [80.7648611, 17.6068056], [80.7648611, 17.6070833], [80.7645833, 17.6070833], [80.7645833, 17.6076389], [80.7640278, 17.6076389], [80.7640278, 17.6079167], [80.7626389, 17.6079167], [80.7626389, 17.6081944], [80.76125, 17.6081944], [80.76125, 17.6079167], [80.7609722, 17.6079167], [80.7609722, 17.6081944], [80.7604167, 17.6081944], [80.7604167, 17.6084722], [80.7595833, 17.6084722], [80.7595833, 17.6081944], [80.7593056, 17.6081944], [80.7593056, 17.6084722], [80.7584722, 17.6084722], [80.7584722, 17.60875], [80.7581944, 17.60875], [80.7581944, 17.6090278], [80.7576389, 17.6090278], [80.7576389, 17.60875], [80.75625, 17.60875], [80.75625, 17.6093056], [80.7559722, 17.6093056], [80.7559722, 17.6098611], [80.7548611, 17.6098611], [80.7548611, 17.6095833], [80.7534722, 17.6095833], [80.7534722, 17.6093056], [80.7526389, 17.6093056], [80.7526389, 17.6090278], [80.7523611, 17.6090278], [80.7523611, 17.60875], [80.7518056, 17.60875], [80.7518056, 17.6079167], [80.75125, 17.6079167], [80.75125, 17.6070833], [80.7509722, 17.6070833], [80.7509722, 17.6065278], [80.7506944, 17.6065278], [80.7506944, 17.6059722], [80.7509722, 17.6059722], [80.7509722, 17.6048611], [80.7506944, 17.6048611], [80.7506944, 17.6045833], [80.7504167, 17.6045833], [80.7504167, 17.6026389], [80.7495833, 17.6026389], [80.7495833, 17.6020833], [80.7493056, 17.6020833], [80.7493056, 17.6018056], [80.74875, 17.6018056], [80.74875, 17.6015278], [80.7479167, 17.6015278], [80.7479167, 17.60125], [80.7476389, 17.60125], [80.7476389, 17.6009722], [80.7473611, 17.6009722], [80.7473611, 17.6006944], [80.7470833, 17.6006944], [80.7470833, 17.6004167], [80.74625, 17.6004167], [80.74625, 17.6001389], [80.7456944, 17.6001389], [80.7456944, 17.5998611], [80.7454167, 17.5998611], [80.7454167, 17.5995833], [80.7451389, 17.5995833], [80.7451389, 17.5993056], [80.7448611, 17.5993056], [80.7448611, 17.5990278], [80.7445833, 17.5990278], [80.7445833, 17.59875], [80.7440278, 17.59875], [80.7440278, 17.5981944], [80.74375, 17.5981944], [80.74375, 17.5976389], [80.7434722, 17.5976389], [80.7434722, 17.5970833], [80.7429167, 17.5970833], [80.7429167, 17.5968056], [80.7420833, 17.5968056], [80.7420833, 17.5970833], [80.7409722, 17.5970833], [80.7409722, 17.5973611], [80.7404167, 17.5973611], [80.7404167, 17.5976389], [80.7401389, 17.5976389], [80.7401389, 17.5979167], [80.7395833, 17.5979167], [80.7395833, 17.5981944], [80.73875, 17.5981944], [80.73875, 17.5979167], [80.7379167, 17.5979167], [80.7379167, 17.5976389], [80.7376389, 17.5976389], [80.7376389, 17.5970833], [80.7373611, 17.5970833], [80.7373611, 17.59625], [80.7370833, 17.59625], [80.7370833, 17.5954167], [80.7373611, 17.5954167], [80.7373611, 17.5951389], [80.7370833, 17.5951389], [80.7370833, 17.5948611], [80.7373611, 17.5948611], [80.7373611, 17.5945833], [80.7359722, 17.5945833], [80.7359722, 17.5934722], [80.7356944, 17.5934722], [80.7356944, 17.5931944], [80.7334722, 17.5931944], [80.7334722, 17.5929167], [80.7331944, 17.5929167], [80.7331944, 17.5926389], [80.7323611, 17.5926389], [80.7323611, 17.5923611], [80.7318056, 17.5923611], [80.7318056, 17.5920833], [80.7315278, 17.5920833], [80.7315278, 17.5918056], [80.7309722, 17.5918056], [80.7309722, 17.5915278], [80.7304167, 17.5915278], [80.7304167, 17.59125], [80.7301389, 17.59125], [80.7301389, 17.5909722], [80.7298611, 17.5909722], [80.7298611, 17.5906944], [80.7295833, 17.5906944], [80.7295833, 17.5893056], [80.7293056, 17.5893056], [80.7293056, 17.5879167], [80.7295833, 17.5879167], [80.7295833, 17.5876389], [80.7298611, 17.5876389], [80.7298611, 17.5873611], [80.7304167, 17.5873611], [80.7304167, 17.5876389], [80.7354167, 17.5876389], [80.7354167, 17.5879167], [80.7359722, 17.5879167], [80.7359722, 17.5881944], [80.7368056, 17.5881944], [80.7368056, 17.5884722], [80.7384722, 17.5884722], [80.7384722, 17.5893056], [80.7390278, 17.5893056], [80.7390278, 17.5895833], [80.7393056, 17.5895833], [80.7393056, 17.5901389], [80.7395833, 17.5901389], [80.7395833, 17.5904167], [80.7401389, 17.5904167], [80.7401389, 17.5906944], [80.7404167, 17.5906944], [80.7404167, 17.5904167], [80.74125, 17.5904167], [80.74125, 17.5901389], [80.7420833, 17.5901389], [80.7420833, 17.5898611], [80.7443056, 17.5898611], [80.7443056, 17.5895833], [80.7456944, 17.5895833], [80.7456944, 17.5893056], [80.7465278, 17.5893056], [80.7465278, 17.5890278], [80.7470833, 17.5890278], [80.7470833, 17.58875], [80.7473611, 17.58875], [80.7473611, 17.5881944], [80.7476389, 17.5881944], [80.7476389, 17.5879167], [80.7479167, 17.5879167], [80.7479167, 17.5876389], [80.7481944, 17.5876389], [80.7481944, 17.5873611], [80.7484722, 17.5873611], [80.7484722, 17.5870833], [80.74875, 17.5870833], [80.74875, 17.5868056], [80.7493056, 17.5868056], [80.7493056, 17.5865278], [80.7495833, 17.5865278], [80.7495833, 17.58625], [80.7498611, 17.58625], [80.7498611, 17.5859722], [80.7501389, 17.5859722], [80.7501389, 17.5851389], [80.7504167, 17.5851389], [80.7504167, 17.5848611], [80.7509722, 17.5848611], [80.7509722, 17.5845833], [80.75125, 17.5845833], [80.75125, 17.5843056], [80.7518056, 17.5843056], [80.7518056, 17.5840278], [80.7520833, 17.5840278], [80.7520833, 17.58375], [80.7526389, 17.58375], [80.7526389, 17.5831944], [80.7529167, 17.5831944], [80.7529167, 17.5829167], [80.7531944, 17.5829167], [80.7531944, 17.5826389], [80.75375, 17.5826389], [80.75375, 17.5823611], [80.7540278, 17.5823611], [80.7540278, 17.5820833], [80.7545833, 17.5820833], [80.7545833, 17.5818056], [80.7551389, 17.5818056], [80.7551389, 17.5815278], [80.7554167, 17.5815278], [80.7554167, 17.58125], [80.7559722, 17.58125], [80.7559722, 17.5809722], [80.75625, 17.5809722], [80.75625, 17.5806944], [80.7559722, 17.5806944], [80.7559722, 17.5801389], [80.7556944, 17.5801389], [80.7556944, 17.5798611], [80.7554167, 17.5798611], [80.7554167, 17.5795833], [80.7551389, 17.5795833], [80.7551389, 17.5793056], [80.7548611, 17.5793056], [80.7548611, 17.5790278], [80.7545833, 17.5790278], [80.7545833, 17.5784722], [80.7543056, 17.5784722], [80.7543056, 17.5779167], [80.7540278, 17.5779167], [80.7540278, 17.5776389], [80.75375, 17.5776389], [80.75375, 17.5770833], [80.7534722, 17.5770833], [80.7534722, 17.5768056], [80.7531944, 17.5768056], [80.7531944, 17.5765278], [80.7526389, 17.5765278], [80.7526389, 17.57625], [80.7518056, 17.57625], [80.7518056, 17.5759722], [80.7509722, 17.5759722], [80.7509722, 17.5756944], [80.7506944, 17.5756944], [80.7506944, 17.5754167], [80.7504167, 17.5754167], [80.7504167, 17.5751389], [80.7501389, 17.5751389], [80.7501389, 17.5748611], [80.7495833, 17.5748611], [80.7495833, 17.5734722], [80.7493056, 17.5734722], [80.7493056, 17.5731944], [80.74875, 17.5731944], [80.74875, 17.5729167], [80.7484722, 17.5729167], [80.7484722, 17.5726389], [80.7481944, 17.5726389], [80.7481944, 17.5698611], [80.7484722, 17.5698611], [80.7484722, 17.5695833], [80.7481944, 17.5695833], [80.7481944, 17.5693056], [80.74625, 17.5693056], [80.74625, 17.5695833], [80.7456944, 17.5695833], [80.7456944, 17.5698611], [80.7451389, 17.5698611], [80.7451389, 17.5695833], [80.7448611, 17.5695833], [80.7448611, 17.5698611], [80.7440278, 17.5698611], [80.7440278, 17.5701389], [80.7429167, 17.5701389], [80.7429167, 17.5698611], [80.7426389, 17.5698611], [80.7426389, 17.5695833], [80.7423611, 17.5695833], [80.7423611, 17.5693056], [80.7420833, 17.5693056], [80.7420833, 17.5690278], [80.7418056, 17.5690278], [80.7418056, 17.56875], [80.74125, 17.56875], [80.74125, 17.5684722], [80.7395833, 17.5684722], [80.7395833, 17.5690278], [80.7393056, 17.5690278], [80.7393056, 17.5693056], [80.7390278, 17.5693056], [80.7390278, 17.5695833], [80.73875, 17.5695833], [80.73875, 17.5698611], [80.7384722, 17.5698611], [80.7384722, 17.5701389], [80.7381944, 17.5701389], [80.7381944, 17.5704167], [80.7376389, 17.5704167], [80.7376389, 17.5706944], [80.7373611, 17.5706944], [80.7373611, 17.5709722], [80.7370833, 17.5709722], [80.7370833, 17.57125], [80.7368056, 17.57125], [80.7368056, 17.5715278], [80.7365278, 17.5715278], [80.7365278, 17.5718056], [80.73625, 17.5718056], [80.73625, 17.5723611], [80.7359722, 17.5723611], [80.7359722, 17.5726389], [80.7356944, 17.5726389], [80.7356944, 17.5729167], [80.7354167, 17.5729167], [80.7354167, 17.5731944], [80.7348611, 17.5731944], [80.7348611, 17.5729167], [80.7345833, 17.5729167], [80.7345833, 17.5726389], [80.7340278, 17.5726389], [80.7340278, 17.5723611], [80.7334722, 17.5723611], [80.7334722, 17.5720833], [80.7331944, 17.5720833], [80.7331944, 17.5718056], [80.7326389, 17.5718056], [80.7326389, 17.5720833], [80.7323611, 17.5720833], [80.7323611, 17.5723611], [80.7320833, 17.5723611], [80.7320833, 17.5726389], [80.7318056, 17.5726389], [80.7318056, 17.5729167], [80.7315278, 17.5729167], [80.7315278, 17.5731944], [80.7309722, 17.5731944], [80.7309722, 17.5734722], [80.7304167, 17.5734722], [80.7304167, 17.57375], [80.7301389, 17.57375], [80.7301389, 17.5740278], [80.7298611, 17.5740278], [80.7298611, 17.5743056], [80.7293056, 17.5743056], [80.7293056, 17.5745833], [80.7281944, 17.5745833], [80.7281944, 17.5748611], [80.7279167, 17.5748611], [80.7279167, 17.5751389], [80.7276389, 17.5751389], [80.7276389, 17.5754167], [80.7273611, 17.5754167], [80.7273611, 17.5756944], [80.7270833, 17.5756944], [80.7270833, 17.5759722], [80.7268056, 17.5759722], [80.7268056, 17.57625], [80.7265278, 17.57625], [80.7265278, 17.5765278], [80.72625, 17.5765278], [80.72625, 17.5768056], [80.7259722, 17.5768056], [80.7259722, 17.5770833], [80.7256944, 17.5770833], [80.7256944, 17.5773611], [80.7254167, 17.5773611], [80.7254167, 17.5776389], [80.7251389, 17.5776389], [80.7251389, 17.5779167], [80.7245833, 17.5779167], [80.7245833, 17.5781944], [80.7240278, 17.5781944], [80.7240278, 17.5784722], [80.7223611, 17.5784722], [80.7223611, 17.5801389], [80.7220833, 17.5801389], [80.7220833, 17.5804167], [80.7218056, 17.5804167], [80.7218056, 17.5806944], [80.7215278, 17.5806944], [80.7215278, 17.5809722], [80.7209722, 17.5809722], [80.7209722, 17.5815278], [80.7206944, 17.5815278], [80.7206944, 17.5818056], [80.7201389, 17.5818056], [80.7201389, 17.5820833], [80.71875, 17.5820833], [80.71875, 17.5823611], [80.7179167, 17.5823611], [80.7179167, 17.5826389], [80.7176389, 17.5826389], [80.7176389, 17.5829167], [80.7173611, 17.5829167], [80.7173611, 17.5831944], [80.7170833, 17.5831944], [80.7170833, 17.5834722], [80.7168056, 17.5834722], [80.7168056, 17.58375], [80.7165278, 17.58375], [80.7165278, 17.5834722], [80.7156944, 17.5834722], [80.7156944, 17.5831944], [80.7151389, 17.5831944], [80.7151389, 17.5829167], [80.7129167, 17.5829167], [80.7129167, 17.5826389], [80.7126389, 17.5826389], [80.7126389, 17.5829167], [80.7120833, 17.5829167], [80.7120833, 17.5826389], [80.7106944, 17.5826389], [80.7106944, 17.5823611], [80.7098611, 17.5823611], [80.7098611, 17.5820833], [80.7095833, 17.5820833], [80.7095833, 17.5843056], [80.7098611, 17.5843056], [80.7098611, 17.5848611], [80.7101389, 17.5848611], [80.7101389, 17.5851389], [80.7104167, 17.5851389], [80.7104167, 17.5854167], [80.7109722, 17.5854167], [80.7109722, 17.5856944], [80.71125, 17.5856944], [80.71125, 17.5859722], [80.7115278, 17.5859722], [80.7115278, 17.58625], [80.7118056, 17.58625], [80.7118056, 17.5865278], [80.7120833, 17.5865278], [80.7120833, 17.5868056], [80.7126389, 17.5868056], [80.7126389, 17.5870833], [80.7129167, 17.5870833], [80.7129167, 17.5873611], [80.7134722, 17.5873611], [80.7134722, 17.5876389], [80.71375, 17.5876389], [80.71375, 17.5879167], [80.7143056, 17.5879167], [80.7143056, 17.5881944], [80.7145833, 17.5881944], [80.7145833, 17.5884722], [80.7148611, 17.5884722], [80.7148611, 17.58875], [80.7151389, 17.58875], [80.7151389, 17.5890278], [80.7154167, 17.5890278], [80.7154167, 17.5893056], [80.71625, 17.5893056], [80.71625, 17.5895833], [80.7165278, 17.5895833], [80.7165278, 17.5898611], [80.7170833, 17.5898611], [80.7170833, 17.5901389], [80.7173611, 17.5901389], [80.7173611, 17.5904167], [80.7176389, 17.5904167], [80.7176389, 17.5906944], [80.7179167, 17.5906944], [80.7179167, 17.5909722], [80.71875, 17.5909722], [80.71875, 17.59125], [80.7195833, 17.59125], [80.7195833, 17.5915278], [80.7201389, 17.5915278], [80.7201389, 17.5918056], [80.7206944, 17.5918056], [80.7206944, 17.5920833], [80.7218056, 17.5920833], [80.7218056, 17.5923611], [80.7223611, 17.5923611], [80.7223611, 17.5929167], [80.7220833, 17.5929167], [80.7220833, 17.5931944], [80.7218056, 17.5931944], [80.7218056, 17.59375], [80.7215278, 17.59375], [80.7215278, 17.5940278], [80.72125, 17.5940278], [80.72125, 17.5943056], [80.7209722, 17.5943056], [80.7209722, 17.5945833], [80.7206944, 17.5945833], [80.7206944, 17.5951389], [80.7204167, 17.5951389], [80.7204167, 17.5954167], [80.7198611, 17.5954167], [80.7198611, 17.5956944], [80.7195833, 17.5956944], [80.7195833, 17.5959722], [80.7190278, 17.5959722], [80.7190278, 17.59625], [80.71875, 17.59625], [80.71875, 17.5965278], [80.7181944, 17.5965278], [80.7181944, 17.5968056], [80.7179167, 17.5968056], [80.7179167, 17.5970833], [80.7173611, 17.5970833], [80.7173611, 17.5973611], [80.7156944, 17.5973611], [80.7156944, 17.5976389], [80.7154167, 17.5976389], [80.7154167, 17.5973611], [80.7151389, 17.5973611], [80.7151389, 17.5970833], [80.7148611, 17.5970833], [80.7148611, 17.5973611], [80.7145833, 17.5973611], [80.7145833, 17.5979167], [80.7143056, 17.5979167], [80.7143056, 17.5976389], [80.71375, 17.5976389], [80.71375, 17.5981944], [80.7140278, 17.5981944], [80.7140278, 17.59875], [80.7134722, 17.59875], [80.7134722, 17.5990278], [80.7126389, 17.5990278], [80.7126389, 17.5998611], [80.7115278, 17.5998611], [80.7115278, 17.6001389], [80.71125, 17.6001389], [80.71125, 17.6004167], [80.7109722, 17.6004167], [80.7109722, 17.6001389], [80.7106944, 17.6001389], [80.7106944, 17.5998611], [80.7095833, 17.5998611], [80.7095833, 17.5995833], [80.7093056, 17.5995833], [80.7093056, 17.5993056], [80.7090278, 17.5993056], [80.7090278, 17.5995833], [80.7081944, 17.5995833], [80.7081944, 17.5993056], [80.7070833, 17.5993056], [80.7070833, 17.5995833], [80.70625, 17.5995833], [80.70625, 17.5993056], [80.7048611, 17.5993056], [80.7048611, 17.5990278], [80.7045833, 17.5990278], [80.7045833, 17.5993056], [80.7043056, 17.5993056], [80.7043056, 17.5995833], [80.7040278, 17.5995833], [80.7040278, 17.6001389], [80.7043056, 17.6001389], [80.7043056, 17.6004167], [80.7040278, 17.6004167], [80.7040278, 17.6015278], [80.7029167, 17.6015278], [80.7029167, 17.60125], [80.7009722, 17.60125], [80.7009722, 17.6018056], [80.7006944, 17.6018056], [80.7006944, 17.6023611], [80.69875, 17.6023611], [80.69875, 17.6029167], [80.6984722, 17.6029167], [80.6984722, 17.6034722], [80.6979167, 17.6034722], [80.6979167, 17.60375], [80.6976389, 17.60375], [80.6976389, 17.6045833], [80.6973611, 17.6045833], [80.6973611, 17.6051389], [80.6970833, 17.6051389], [80.6970833, 17.6054167], [80.69625, 17.6054167], [80.69625, 17.6051389], [80.6959722, 17.6051389], [80.6959722, 17.6048611], [80.6956944, 17.6048611], [80.6956944, 17.6045833], [80.6954167, 17.6045833], [80.6954167, 17.6048611], [80.6951389, 17.6048611], [80.6951389, 17.60625], [80.6954167, 17.60625], [80.6954167, 17.6070833], [80.6951389, 17.6070833], [80.6951389, 17.6076389], [80.6943056, 17.6076389], [80.6943056, 17.6073611], [80.6940278, 17.6073611], [80.6940278, 17.6070833], [80.69375, 17.6070833], [80.69375, 17.6068056], [80.6931944, 17.6068056], [80.6931944, 17.6070833], [80.6926389, 17.6070833], [80.6926389, 17.6073611], [80.6923611, 17.6073611], [80.6923611, 17.6076389], [80.6920833, 17.6076389], [80.6920833, 17.6079167], [80.6904167, 17.6079167], [80.6904167, 17.6095833], [80.6901389, 17.6095833], [80.6901389, 17.6101389], [80.6895833, 17.6101389], [80.6895833, 17.6104167], [80.6893056, 17.6104167], [80.6893056, 17.6106944], [80.6890278, 17.6106944], [80.6890278, 17.6109722], [80.68875, 17.6109722], [80.68875, 17.6115278], [80.6881944, 17.6115278], [80.6881944, 17.6120833], [80.6884722, 17.6120833], [80.6884722, 17.6126389], [80.6881944, 17.6126389], [80.6881944, 17.6131944], [80.6873611, 17.6131944], [80.6873611, 17.6134722], [80.6851389, 17.6134722], [80.6851389, 17.61375], [80.6845833, 17.61375], [80.6845833, 17.6134722], [80.68375, 17.6134722], [80.68375, 17.6129167], [80.6829167, 17.6129167], [80.6829167, 17.6126389], [80.6826389, 17.6126389], [80.6826389, 17.6123611], [80.6823611, 17.6123611], [80.6823611, 17.6120833], [80.6820833, 17.6120833], [80.6820833, 17.6115278], [80.6793056, 17.6115278], [80.6793056, 17.61125], [80.67875, 17.61125], [80.67875, 17.6109722], [80.6784722, 17.6109722], [80.6784722, 17.6106944], [80.6779167, 17.6106944], [80.6779167, 17.6104167], [80.6776389, 17.6104167], [80.6776389, 17.6101389], [80.6770833, 17.6101389], [80.6770833, 17.6098611], [80.6768056, 17.6098611], [80.6768056, 17.6095833], [80.6765278, 17.6095833], [80.6765278, 17.6098611], [80.67625, 17.6098611], [80.67625, 17.6101389], [80.6756944, 17.6101389], [80.6756944, 17.6098611], [80.6743056, 17.6098611], [80.6743056, 17.6101389], [80.6734722, 17.6101389], [80.6734722, 17.6104167], [80.6729167, 17.6104167], [80.6729167, 17.6109722], [80.6718056, 17.6109722], [80.6718056, 17.6106944], [80.6715278, 17.6106944], [80.6715278, 17.6101389], [80.6704167, 17.6101389], [80.6704167, 17.6106944], [80.6698611, 17.6106944], [80.6698611, 17.6109722], [80.6693056, 17.6109722], [80.6693056, 17.61125], [80.6673611, 17.61125], [80.6673611, 17.6115278], [80.66625, 17.6115278], [80.66625, 17.61125], [80.6654167, 17.61125], [80.6654167, 17.6115278], [80.66375, 17.6115278], [80.66375, 17.6109722], [80.6634722, 17.6109722], [80.6634722, 17.6106944], [80.6629167, 17.6106944], [80.6629167, 17.6104167], [80.6620833, 17.6104167], [80.6620833, 17.6101389], [80.66125, 17.6101389], [80.66125, 17.6098611], [80.6595833, 17.6098611], [80.6595833, 17.6095833], [80.6590278, 17.6095833], [80.6590278, 17.6093056], [80.65875, 17.6093056], [80.65875, 17.6090278], [80.6584722, 17.6090278], [80.6584722, 17.60875], [80.6579167, 17.60875], [80.6579167, 17.6090278], [80.6576389, 17.6090278], [80.6576389, 17.6095833], [80.6573611, 17.6095833], [80.6573611, 17.6104167], [80.6576389, 17.6104167], [80.6576389, 17.6106944], [80.6565278, 17.6106944], [80.6565278, 17.6109722], [80.6551389, 17.6109722], [80.6551389, 17.6106944], [80.6548611, 17.6106944], [80.6548611, 17.6104167], [80.6543056, 17.6104167], [80.6543056, 17.6101389], [80.65375, 17.6101389], [80.65375, 17.6098611], [80.6520833, 17.6098611], [80.6520833, 17.6095833], [80.6515278, 17.6095833], [80.6515278, 17.6104167], [80.65125, 17.6104167], [80.65125, 17.6106944], [80.6506944, 17.6106944], [80.6506944, 17.6109722], [80.6504167, 17.6109722], [80.6504167, 17.61125], [80.6501389, 17.61125], [80.6501389, 17.6115278], [80.6495833, 17.6115278], [80.6495833, 17.6118056], [80.6493056, 17.6118056], [80.6493056, 17.6123611], [80.64875, 17.6123611], [80.64875, 17.6126389], [80.6484722, 17.6126389], [80.6484722, 17.6129167], [80.6481944, 17.6129167], [80.6481944, 17.61375], [80.6479167, 17.61375], [80.6479167, 17.6140278], [80.6476389, 17.6140278], [80.6476389, 17.6143056], [80.6473611, 17.6143056], [80.6473611, 17.6145833], [80.6470833, 17.6145833], [80.6470833, 17.6151389], [80.6465278, 17.6151389], [80.6465278, 17.6148611], [80.6456944, 17.6148611], [80.6456944, 17.6145833], [80.6454167, 17.6145833], [80.6454167, 17.6143056], [80.6440278, 17.6143056], [80.6440278, 17.6134722], [80.64375, 17.6134722], [80.64375, 17.6131944], [80.6434722, 17.6131944], [80.6434722, 17.6129167], [80.6431944, 17.6129167], [80.6431944, 17.6123611], [80.6415278, 17.6123611], [80.6415278, 17.6120833], [80.64125, 17.6120833], [80.64125, 17.6118056], [80.6409722, 17.6118056], [80.6409722, 17.6115278], [80.6406944, 17.6115278], [80.6406944, 17.61125], [80.6401389, 17.61125], [80.6401389, 17.6115278], [80.6398611, 17.6115278], [80.6398611, 17.6118056], [80.6395833, 17.6118056], [80.6395833, 17.6120833], [80.6393056, 17.6120833], [80.6393056, 17.6118056], [80.6381944, 17.6118056], [80.6381944, 17.6120833], [80.6376389, 17.6120833], [80.6376389, 17.6123611], [80.6373611, 17.6123611], [80.6373611, 17.6118056], [80.6368056, 17.6118056], [80.6368056, 17.6109722], [80.63625, 17.6109722], [80.63625, 17.6106944], [80.6359722, 17.6106944], [80.6359722, 17.6101389], [80.6356944, 17.6101389], [80.6356944, 17.6098611], [80.6351389, 17.6098611], [80.6351389, 17.6095833], [80.6348611, 17.6095833], [80.6348611, 17.6093056], [80.6345833, 17.6093056], [80.6345833, 17.6090278], [80.6340278, 17.6090278], [80.6340278, 17.60875], [80.6334722, 17.60875], [80.6334722, 17.6084722], [80.6329167, 17.6084722], [80.6329167, 17.6079167], [80.6318056, 17.6079167], [80.6318056, 17.6076389], [80.6315278, 17.6076389], [80.6315278, 17.6068056], [80.63125, 17.6068056], [80.63125, 17.60625], [80.6318056, 17.60625], [80.6318056, 17.6059722], [80.6320833, 17.6059722], [80.6320833, 17.6056944], [80.6326389, 17.6056944], [80.6326389, 17.6051389], [80.6331944, 17.6051389], [80.6331944, 17.6048611], [80.6334722, 17.6048611], [80.6334722, 17.6045833], [80.63375, 17.6045833], [80.63375, 17.6040278], [80.6334722, 17.6040278], [80.6334722, 17.6034722], [80.6329167, 17.6034722], [80.6329167, 17.6031944], [80.6331944, 17.6031944], [80.6331944, 17.6029167], [80.6329167, 17.6029167], [80.6329167, 17.6023611], [80.6326389, 17.6023611], [80.6326389, 17.6015278], [80.6323611, 17.6015278], [80.6323611, 17.60125], [80.6320833, 17.60125], [80.6320833, 17.6004167], [80.6318056, 17.6004167], [80.6318056, 17.5998611], [80.6320833, 17.5998611], [80.6320833, 17.5993056], [80.6318056, 17.5993056], [80.6318056, 17.59875], [80.6309722, 17.59875], [80.6309722, 17.5984722], [80.6306944, 17.5984722], [80.6306944, 17.5981944], [80.6304167, 17.5981944], [80.6304167, 17.5976389], [80.6301389, 17.5976389], [80.6301389, 17.5970833], [80.6298611, 17.5970833], [80.6298611, 17.5959722], [80.6295833, 17.5959722], [80.6295833, 17.59625], [80.6293056, 17.59625], [80.6293056, 17.5973611], [80.6281944, 17.5973611], [80.6281944, 17.5976389], [80.6279167, 17.5976389], [80.6279167, 17.5973611], [80.6265278, 17.5973611], [80.6265278, 17.59875], [80.6268056, 17.59875], [80.6268056, 17.5990278], [80.6265278, 17.5990278], [80.6265278, 17.6001389], [80.6268056, 17.6001389], [80.6268056, 17.6004167], [80.6265278, 17.6004167], [80.6265278, 17.6009722], [80.6268056, 17.6009722], [80.6268056, 17.6018056], [80.6265278, 17.6018056], [80.6265278, 17.6020833], [80.62625, 17.6020833], [80.62625, 17.6018056], [80.6259722, 17.6018056], [80.6259722, 17.6015278], [80.6256944, 17.6015278], [80.6256944, 17.6009722], [80.6245833, 17.6009722], [80.6245833, 17.6006944], [80.6243056, 17.6006944], [80.6243056, 17.6004167], [80.6240278, 17.6004167], [80.6240278, 17.6001389], [80.62375, 17.6001389], [80.62375, 17.5998611], [80.6223611, 17.5998611], [80.6223611, 17.6004167], [80.6220833, 17.6004167], [80.6220833, 17.6006944], [80.62125, 17.6006944], [80.62125, 17.6001389], [80.6206944, 17.6001389], [80.6206944, 17.5998611], [80.6184722, 17.5998611], [80.6184722, 17.6001389], [80.6170833, 17.6001389], [80.6170833, 17.6004167], [80.6168056, 17.6004167], [80.6168056, 17.6006944], [80.6165278, 17.6006944], [80.6165278, 17.60125], [80.61625, 17.60125], [80.61625, 17.6020833], [80.6159722, 17.6020833], [80.6159722, 17.6029167], [80.6154167, 17.6029167], [80.6154167, 17.6040278], [80.6148611, 17.6040278], [80.6148611, 17.6045833], [80.6145833, 17.6045833], [80.6145833, 17.6048611], [80.6143056, 17.6048611], [80.6143056, 17.6051389], [80.6140278, 17.6051389], [80.6140278, 17.6054167], [80.61375, 17.6054167], [80.61375, 17.6056944], [80.6140278, 17.6056944], [80.6140278, 17.60625], [80.6131944, 17.60625], [80.6131944, 17.6059722], [80.6126389, 17.6059722], [80.6126389, 17.60625], [80.6120833, 17.60625], [80.6120833, 17.6059722], [80.61125, 17.6059722], [80.61125, 17.60625], [80.6101389, 17.60625], [80.6101389, 17.6059722], [80.6098611, 17.6059722], [80.6098611, 17.6056944], [80.6095833, 17.6056944], [80.6095833, 17.6054167], [80.6093056, 17.6054167], [80.6093056, 17.6051389], [80.6090278, 17.6051389], [80.6090278, 17.6045833], [80.60875, 17.6045833], [80.60875, 17.6043056], [80.6079167, 17.6043056], [80.6079167, 17.6045833], [80.6076389, 17.6045833], [80.6076389, 17.6051389], [80.6070833, 17.6051389], [80.6070833, 17.6048611], [80.6068056, 17.6048611], [80.6068056, 17.6045833], [80.6065278, 17.6045833], [80.6065278, 17.60375], [80.6059722, 17.60375], [80.6059722, 17.6029167], [80.6051389, 17.6029167], [80.6051389, 17.6026389], [80.6045833, 17.6026389], [80.6045833, 17.6029167], [80.6043056, 17.6029167], [80.6043056, 17.6034722], [80.6045833, 17.6034722], [80.6045833, 17.6040278], [80.6043056, 17.6040278], [80.6043056, 17.6045833], [80.6040278, 17.6045833], [80.6040278, 17.6051389], [80.6051389, 17.6051389], [80.6051389, 17.6054167], [80.6059722, 17.6054167], [80.6059722, 17.6056944], [80.60625, 17.6056944], [80.60625, 17.6059722], [80.6070833, 17.6059722], [80.6070833, 17.60625], [80.6076389, 17.60625], [80.6076389, 17.6065278], [80.6084722, 17.6065278], [80.6084722, 17.6070833], [80.6090278, 17.6070833], [80.6090278, 17.6073611], [80.6093056, 17.6073611], [80.6093056, 17.6076389], [80.6098611, 17.6076389], [80.6098611, 17.6079167], [80.6104167, 17.6079167], [80.6104167, 17.6084722], [80.6106944, 17.6084722], [80.6106944, 17.6090278], [80.6109722, 17.6090278], [80.6109722, 17.6095833], [80.6115278, 17.6095833], [80.6115278, 17.6104167], [80.61125, 17.6104167], [80.61125, 17.6109722], [80.6109722, 17.6109722], [80.6109722, 17.61125], [80.6106944, 17.61125], [80.6106944, 17.6118056], [80.6098611, 17.6118056], [80.6098611, 17.6120833], [80.6095833, 17.6120833], [80.6095833, 17.6123611], [80.6084722, 17.6123611], [80.6084722, 17.6120833], [80.6081944, 17.6120833], [80.6081944, 17.6118056], [80.6079167, 17.6118056], [80.6079167, 17.6115278], [80.6070833, 17.6115278], [80.6070833, 17.61125], [80.6040278, 17.61125], [80.6040278, 17.6109722], [80.60375, 17.6109722], [80.60375, 17.61125], [80.6034722, 17.61125], [80.6034722, 17.6109722], [80.6031944, 17.6109722], [80.6031944, 17.6106944], [80.6029167, 17.6106944], [80.6029167, 17.6104167], [80.6023611, 17.6104167], [80.6023611, 17.6098611], [80.6018056, 17.6098611], [80.6018056, 17.6095833], [80.6015278, 17.6095833], [80.6015278, 17.6093056], [80.60125, 17.6093056], [80.60125, 17.60875], [80.6006944, 17.60875], [80.6006944, 17.6093056], [80.6004167, 17.6093056], [80.6004167, 17.6090278], [80.6001389, 17.6090278], [80.6001389, 17.6093056], [80.5998611, 17.6093056], [80.5998611, 17.6095833], [80.5995833, 17.6095833], [80.5995833, 17.6101389], [80.5998611, 17.6101389], [80.5998611, 17.6106944], [80.5995833, 17.6106944], [80.5995833, 17.6115278], [80.5993056, 17.6115278], [80.5993056, 17.6123611], [80.5990278, 17.6123611], [80.5990278, 17.6129167], [80.59875, 17.6129167], [80.59875, 17.6131944], [80.5984722, 17.6131944], [80.5984722, 17.6129167], [80.5976389, 17.6129167], [80.5976389, 17.6126389], [80.5973611, 17.6126389], [80.5973611, 17.6123611], [80.5965278, 17.6123611], [80.5965278, 17.6126389], [80.59625, 17.6126389], [80.59625, 17.6131944], [80.5956944, 17.6131944], [80.5956944, 17.6134722], [80.5948611, 17.6134722], [80.5948611, 17.6140278], [80.5951389, 17.6140278], [80.5951389, 17.6151389], [80.5948611, 17.6151389], [80.5948611, 17.6159722], [80.5940278, 17.6159722], [80.5940278, 17.61625], [80.5934722, 17.61625], [80.5934722, 17.6159722], [80.5931944, 17.6159722], [80.5931944, 17.61625], [80.5923611, 17.61625], [80.5923611, 17.6165278], [80.59125, 17.6165278], [80.59125, 17.6168056], [80.5909722, 17.6168056], [80.5909722, 17.6176389], [80.5906944, 17.6176389], [80.5906944, 17.6179167], [80.5901389, 17.6179167], [80.5901389, 17.6181944], [80.5898611, 17.6181944], [80.5898611, 17.6195833], [80.5904167, 17.6195833], [80.5904167, 17.6198611], [80.5906944, 17.6198611], [80.5906944, 17.6201389], [80.5918056, 17.6201389], [80.5918056, 17.6206944], [80.5920833, 17.6206944], [80.5920833, 17.62125], [80.5918056, 17.62125], [80.5918056, 17.6215278], [80.5915278, 17.6215278], [80.5915278, 17.6218056], [80.59125, 17.6218056], [80.59125, 17.6220833], [80.5909722, 17.6220833], [80.5909722, 17.6223611], [80.5906944, 17.6223611], [80.5906944, 17.6226389], [80.5901389, 17.6226389], [80.5901389, 17.6231944], [80.5890278, 17.6231944], [80.5890278, 17.6229167], [80.58875, 17.6229167], [80.58875, 17.6226389], [80.5868056, 17.6226389], [80.5868056, 17.6223611], [80.5870833, 17.6223611], [80.5870833, 17.6220833], [80.5859722, 17.6220833], [80.5859722, 17.6226389], [80.5856944, 17.6226389], [80.5856944, 17.6231944], [80.5854167, 17.6231944], [80.5854167, 17.6234722], [80.5848611, 17.6234722], [80.5848611, 17.6243056], [80.5845833, 17.6243056], [80.5845833, 17.6248611], [80.5843056, 17.6248611], [80.5843056, 17.6254167], [80.5840278, 17.6254167], [80.5840278, 17.6265278], [80.58375, 17.6265278], [80.58375, 17.6268056], [80.5831944, 17.6268056], [80.5831944, 17.6270833], [80.5829167, 17.6270833], [80.5829167, 17.6273611], [80.5826389, 17.6273611], [80.5826389, 17.6276389], [80.5823611, 17.6276389], [80.5823611, 17.6281944], [80.5826389, 17.6281944], [80.5826389, 17.6284722], [80.5806944, 17.6284722], [80.5806944, 17.62875], [80.5804167, 17.62875], [80.5804167, 17.6284722], [80.5793056, 17.6284722], [80.5793056, 17.6281944], [80.57875, 17.6281944], [80.57875, 17.6284722], [80.5784722, 17.6284722], [80.5784722, 17.6281944], [80.5779167, 17.6281944], [80.5779167, 17.6284722], [80.5770833, 17.6284722], [80.5770833, 17.62875], [80.5765278, 17.62875], [80.5765278, 17.6284722], [80.57625, 17.6284722], [80.57625, 17.6281944], [80.5751389, 17.6281944], [80.5751389, 17.6284722], [80.5740278, 17.6284722], [80.5740278, 17.6279167], [80.5729167, 17.6279167], [80.5729167, 17.6284722], [80.5731944, 17.6284722], [80.5731944, 17.6290278], [80.5734722, 17.6290278], [80.5734722, 17.6298611], [80.5731944, 17.6298611], [80.5731944, 17.6301389], [80.5723611, 17.6301389], [80.5723611, 17.6298611], [80.5715278, 17.6298611], [80.5715278, 17.6304167], [80.5706944, 17.6304167], [80.5706944, 17.6309722], [80.5704167, 17.6309722], [80.5704167, 17.6315278], [80.5701389, 17.6315278], [80.5701389, 17.6323611], [80.5704167, 17.6323611], [80.5704167, 17.6326389], [80.5698611, 17.6326389], [80.5698611, 17.6329167], [80.5690278, 17.6329167], [80.5690278, 17.6326389], [80.5684722, 17.6326389], [80.5684722, 17.6320833], [80.5681944, 17.6320833], [80.5681944, 17.63125], [80.5676389, 17.63125], [80.5676389, 17.6315278], [80.5670833, 17.6315278], [80.5670833, 17.6318056], [80.5665278, 17.6318056], [80.5665278, 17.6323611], [80.56625, 17.6323611], [80.56625, 17.6329167], [80.5659722, 17.6329167], [80.5659722, 17.6331944], [80.5651389, 17.6331944], [80.5651389, 17.6345833], [80.5648611, 17.6345833], [80.5648611, 17.6359722], [80.5651389, 17.6359722], [80.5651389, 17.63625], [80.5645833, 17.63625], [80.5645833, 17.6365278], [80.5631944, 17.6365278], [80.5631944, 17.6356944], [80.5629167, 17.6356944], [80.5629167, 17.6351389], [80.5620833, 17.6351389], [80.5620833, 17.6354167], [80.5618056, 17.6354167], [80.5618056, 17.6365278], [80.5615278, 17.6365278], [80.5615278, 17.6368056], [80.5609722, 17.6368056], [80.5609722, 17.6370833], [80.5604167, 17.6370833], [80.5604167, 17.6376389], [80.5601389, 17.6376389], [80.5601389, 17.6379167], [80.5598611, 17.6379167], [80.5598611, 17.6384722], [80.5593056, 17.6384722], [80.5593056, 17.63875], [80.55875, 17.63875], [80.55875, 17.6390278], [80.5584722, 17.6390278], [80.5584722, 17.63875], [80.5579167, 17.63875], [80.5579167, 17.6379167], [80.5570833, 17.6379167], [80.5570833, 17.6398611], [80.5568056, 17.6398611], [80.5568056, 17.6401389], [80.5570833, 17.6401389], [80.5570833, 17.6404167], [80.5573611, 17.6404167], [80.5573611, 17.6409722], [80.5568056, 17.6409722], [80.5568056, 17.6406944], [80.5565278, 17.6406944], [80.5565278, 17.6409722], [80.55625, 17.6409722], [80.55625, 17.6415278], [80.5559722, 17.6415278], [80.5559722, 17.6420833], [80.5554167, 17.6420833], [80.5554167, 17.6423611], [80.5551389, 17.6423611]], [[80.5815278, 17.6276389], [80.5820833, 17.6276389], [80.5820833, 17.6273611], [80.5818056, 17.6273611], [80.5818056, 17.6265278], [80.5815278, 17.6265278], [80.5815278, 17.6245833], [80.5818056, 17.6245833], [80.5818056, 17.6231944], [80.5820833, 17.6231944], [80.5820833, 17.6229167], [80.5823611, 17.6229167], [80.5823611, 17.6226389], [80.5826389, 17.6226389], [80.5826389, 17.6223611], [80.5829167, 17.6223611], [80.5829167, 17.6218056], [80.5826389, 17.6218056], [80.5826389, 17.62125], [80.5823611, 17.62125], [80.5823611, 17.6209722], [80.5818056, 17.6209722], [80.5818056, 17.6206944], [80.5809722, 17.6206944], [80.5809722, 17.6209722], [80.5804167, 17.6209722], [80.5804167, 17.6206944], [80.5798611, 17.6206944], [80.5798611, 17.6215278], [80.5795833, 17.6215278], [80.5795833, 17.6218056], [80.5793056, 17.6218056], [80.5793056, 17.6229167], [80.5790278, 17.6229167], [80.5790278, 17.6231944], [80.57875, 17.6231944], [80.57875, 17.6234722], [80.5776389, 17.6234722], [80.5776389, 17.6231944], [80.5773611, 17.6231944], [80.5773611, 17.6240278], [80.5776389, 17.6240278], [80.5776389, 17.6243056], [80.5779167, 17.6243056], [80.5779167, 17.6245833], [80.57875, 17.6245833], [80.57875, 17.6259722], [80.5790278, 17.6259722], [80.5790278, 17.62625], [80.5795833, 17.62625], [80.5795833, 17.6265278], [80.5806944, 17.6265278], [80.5806944, 17.6268056], [80.5809722, 17.6268056], [80.5809722, 17.6270833], [80.58125, 17.6270833], [80.58125, 17.6273611], [80.5815278, 17.6273611], [80.5815278, 17.6276389]], [[80.5440278, 17.62625], [80.5451389, 17.62625], [80.5451389, 17.6251389], [80.5443056, 17.6251389], [80.5443056, 17.6254167], [80.5434722, 17.6254167], [80.5434722, 17.6256944], [80.54375, 17.6256944], [80.54375, 17.6259722], [80.5440278, 17.6259722], [80.5440278, 17.62625]], [[80.5431944, 17.6254167], [80.5434722, 17.6254167], [80.5434722, 17.6251389], [80.5431944, 17.6251389], [80.5431944, 17.6254167]], [[80.6026389, 17.6051389], [80.6029167, 17.6051389], [80.6029167, 17.6045833], [80.6031944, 17.6045833], [80.6031944, 17.6043056], [80.6029167, 17.6043056], [80.6029167, 17.6040278], [80.6026389, 17.6040278], [80.6026389, 17.60375], [80.6023611, 17.60375], [80.6023611, 17.6034722], [80.6020833, 17.6034722], [80.6020833, 17.60375], [80.6015278, 17.60375], [80.6015278, 17.6040278], [80.6004167, 17.6040278], [80.6004167, 17.6043056], [80.6009722, 17.6043056], [80.6009722, 17.6045833], [80.6018056, 17.6045833], [80.6018056, 17.6043056], [80.6020833, 17.6043056], [80.6020833, 17.6045833], [80.6023611, 17.6045833], [80.6023611, 17.6048611], [80.6026389, 17.6048611], [80.6026389, 17.6051389]], [[80.6159722, 17.6006944], [80.6165278, 17.6006944], [80.6165278, 17.5998611], [80.6168056, 17.5998611], [80.6168056, 17.5995833], [80.6170833, 17.5995833], [80.6170833, 17.5993056], [80.6173611, 17.5993056], [80.6173611, 17.5990278], [80.6176389, 17.5990278], [80.6176389, 17.59875], [80.6179167, 17.59875], [80.6179167, 17.5984722], [80.6181944, 17.5984722], [80.6181944, 17.5981944], [80.6193056, 17.5981944], [80.6193056, 17.5979167], [80.6195833, 17.5979167], [80.6195833, 17.5976389], [80.6198611, 17.5976389], [80.6198611, 17.59625], [80.6195833, 17.59625], [80.6195833, 17.5956944], [80.6184722, 17.5956944], [80.6184722, 17.5951389], [80.6179167, 17.5951389], [80.6179167, 17.5954167], [80.6165278, 17.5954167], [80.6165278, 17.5956944], [80.6156944, 17.5956944], [80.6156944, 17.5959722], [80.6159722, 17.5959722], [80.6159722, 17.5973611], [80.61625, 17.5973611], [80.61625, 17.5990278], [80.6156944, 17.5990278], [80.6156944, 17.5993056], [80.6154167, 17.5993056], [80.6154167, 17.5998611], [80.6156944, 17.5998611], [80.6156944, 17.6001389], [80.6159722, 17.6001389], [80.6159722, 17.6006944]], [[80.6118056, 17.5998611], [80.6123611, 17.5998611], [80.6123611, 17.5993056], [80.6120833, 17.5993056], [80.6120833, 17.5990278], [80.6118056, 17.5990278], [80.6118056, 17.59875], [80.6115278, 17.59875], [80.6115278, 17.5984722], [80.61125, 17.5984722], [80.61125, 17.5979167], [80.6106944, 17.5979167], [80.6106944, 17.5968056], [80.6101389, 17.5968056], [80.6101389, 17.5954167], [80.6090278, 17.5954167], [80.6090278, 17.5959722], [80.60875, 17.5959722], [80.60875, 17.5970833], [80.6084722, 17.5970833], [80.6084722, 17.5979167], [80.6081944, 17.5979167], [80.6081944, 17.5993056], [80.6104167, 17.5993056], [80.6104167, 17.5995833], [80.6118056, 17.5995833], [80.6118056, 17.5998611]], [[80.57125, 17.5926389], [80.5720833, 17.5926389], [80.5720833, 17.5923611], [80.57125, 17.5923611], [80.57125, 17.5926389]], [[80.6343056, 17.5918056], [80.6345833, 17.5918056], [80.6345833, 17.5915278], [80.6354167, 17.5915278], [80.6354167, 17.5909722], [80.6348611, 17.5909722], [80.6348611, 17.59125], [80.63375, 17.59125], [80.63375, 17.5915278], [80.6343056, 17.5915278], [80.6343056, 17.5918056]], [[80.6368056, 17.5915278], [80.6373611, 17.5915278], [80.6373611, 17.5906944], [80.6376389, 17.5906944], [80.6376389, 17.5904167], [80.6373611, 17.5904167], [80.6373611, 17.5901389], [80.6370833, 17.5901389], [80.6370833, 17.5898611], [80.6365278, 17.5898611], [80.6365278, 17.5895833], [80.63625, 17.5895833], [80.63625, 17.5893056], [80.6359722, 17.5893056], [80.6359722, 17.5890278], [80.6356944, 17.5890278], [80.6356944, 17.5893056], [80.6351389, 17.5893056], [80.6351389, 17.5895833], [80.6348611, 17.5895833], [80.6348611, 17.5898611], [80.6351389, 17.5898611], [80.6351389, 17.5901389], [80.6348611, 17.5901389], [80.6348611, 17.5906944], [80.6359722, 17.5906944], [80.6359722, 17.5909722], [80.6365278, 17.5909722], [80.6365278, 17.59125], [80.6368056, 17.59125], [80.6368056, 17.5915278]], [[80.6106944, 17.5901389], [80.6109722, 17.5901389], [80.6109722, 17.5898611], [80.6106944, 17.5898611], [80.6106944, 17.5901389]], [[80.6090278, 17.5870833], [80.6104167, 17.5870833], [80.6104167, 17.5865278], [80.6106944, 17.5865278], [80.6106944, 17.58625], [80.6104167, 17.58625], [80.6104167, 17.5856944], [80.6095833, 17.5856944], [80.6095833, 17.5845833], [80.60875, 17.5845833], [80.60875, 17.5854167], [80.6090278, 17.5854167], [80.6090278, 17.5856944], [80.6093056, 17.5856944], [80.6093056, 17.5859722], [80.6090278, 17.5859722], [80.6090278, 17.5870833]], [[80.5509722, 17.58625], [80.5515278, 17.58625], [80.5515278, 17.5856944], [80.5509722, 17.5856944], [80.5509722, 17.58625]], [[80.6556944, 17.5848611], [80.6559722, 17.5848611], [80.6559722, 17.5845833], [80.65625, 17.5845833], [80.65625, 17.5840278], [80.6551389, 17.5840278], [80.6551389, 17.5845833], [80.6556944, 17.5845833], [80.6556944, 17.5848611]], [[80.6379167, 17.5831944], [80.6384722, 17.5831944], [80.6384722, 17.5829167], [80.6390278, 17.5829167], [80.6390278, 17.5826389], [80.6393056, 17.5826389], [80.6393056, 17.5820833], [80.6395833, 17.5820833], [80.6395833, 17.5818056], [80.6393056, 17.5818056], [80.6393056, 17.58125], [80.6398611, 17.58125], [80.6398611, 17.5809722], [80.6404167, 17.5809722], [80.6404167, 17.5806944], [80.6406944, 17.5806944], [80.6406944, 17.5804167], [80.64125, 17.5804167], [80.64125, 17.5801389], [80.6409722, 17.5801389], [80.6409722, 17.5784722], [80.6406944, 17.5784722], [80.6406944, 17.5781944], [80.6404167, 17.5781944], [80.6404167, 17.5779167], [80.6401389, 17.5779167], [80.6401389, 17.5776389], [80.6406944, 17.5776389], [80.6406944, 17.5773611], [80.64125, 17.5773611], [80.64125, 17.5768056], [80.6415278, 17.5768056], [80.6415278, 17.57625], [80.6418056, 17.57625], [80.6418056, 17.5756944], [80.6420833, 17.5756944], [80.6420833, 17.5748611], [80.6423611, 17.5748611], [80.6423611, 17.5745833], [80.6409722, 17.5745833], [80.6409722, 17.5748611], [80.6406944, 17.5748611], [80.6406944, 17.5751389], [80.6381944, 17.5751389], [80.6381944, 17.5740278], [80.6384722, 17.5740278], [80.6384722, 17.57375], [80.63875, 17.57375], [80.63875, 17.5731944], [80.6381944, 17.5731944], [80.6381944, 17.5729167], [80.6379167, 17.5729167], [80.6379167, 17.5726389], [80.6376389, 17.5726389], [80.6376389, 17.5723611], [80.63625, 17.5723611], [80.63625, 17.5726389], [80.6354167, 17.5726389], [80.6354167, 17.5723611], [80.6348611, 17.5723611], [80.6348611, 17.5731944], [80.6343056, 17.5731944], [80.6343056, 17.57375], [80.63375, 17.57375], [80.63375, 17.5734722], [80.6334722, 17.5734722], [80.6334722, 17.5731944], [80.6329167, 17.5731944], [80.6329167, 17.5745833], [80.6326389, 17.5745833], [80.6326389, 17.5754167], [80.6340278, 17.5754167], [80.6340278, 17.57625], [80.6343056, 17.57625], [80.6343056, 17.5768056], [80.6345833, 17.5768056], [80.6345833, 17.5773611], [80.6348611, 17.5773611], [80.6348611, 17.5776389], [80.6351389, 17.5776389], [80.6351389, 17.5779167], [80.6354167, 17.5779167], [80.6354167, 17.57875], [80.6345833, 17.57875], [80.6345833, 17.5790278], [80.6334722, 17.5790278], [80.6334722, 17.57875], [80.6331944, 17.57875], [80.6331944, 17.5790278], [80.6329167, 17.5790278], [80.6329167, 17.5793056], [80.6320833, 17.5793056], [80.6320833, 17.5798611], [80.6318056, 17.5798611], [80.6318056, 17.5801389], [80.6315278, 17.5801389], [80.6315278, 17.5809722], [80.6318056, 17.5809722], [80.6318056, 17.58125], [80.6323611, 17.58125], [80.6323611, 17.5815278], [80.6329167, 17.5815278], [80.6329167, 17.5818056], [80.6331944, 17.5818056], [80.6331944, 17.5815278], [80.6340278, 17.5815278], [80.6340278, 17.58125], [80.6345833, 17.58125], [80.6345833, 17.5809722], [80.6348611, 17.5809722], [80.6348611, 17.58125], [80.6351389, 17.58125], [80.6351389, 17.5806944], [80.6354167, 17.5806944], [80.6354167, 17.5804167], [80.6356944, 17.5804167], [80.6356944, 17.5798611], [80.6359722, 17.5798611], [80.6359722, 17.5795833], [80.6368056, 17.5795833], [80.6368056, 17.5798611], [80.6365278, 17.5798611], [80.6365278, 17.5806944], [80.6370833, 17.5806944], [80.6370833, 17.5804167], [80.6379167, 17.5804167], [80.6379167, 17.5795833], [80.6384722, 17.5795833], [80.6384722, 17.5798611], [80.6381944, 17.5798611], [80.6381944, 17.5815278], [80.6376389, 17.5815278], [80.6376389, 17.5818056], [80.6373611, 17.5818056], [80.6373611, 17.5829167], [80.6379167, 17.5829167], [80.6379167, 17.5831944]], [[80.6548611, 17.5829167], [80.6551389, 17.5829167], [80.6551389, 17.5826389], [80.6556944, 17.5826389], [80.6556944, 17.5829167], [80.6559722, 17.5829167], [80.6559722, 17.5826389], [80.6565278, 17.5826389], [80.6565278, 17.5823611], [80.6570833, 17.5823611], [80.6570833, 17.5820833], [80.6573611, 17.5820833], [80.6573611, 17.5818056], [80.65875, 17.5818056], [80.65875, 17.5820833], [80.6593056, 17.5820833], [80.6593056, 17.5815278], [80.6590278, 17.5815278], [80.6590278, 17.58125], [80.65875, 17.58125], [80.65875, 17.5809722], [80.6584722, 17.5809722], [80.6584722, 17.5804167], [80.6581944, 17.5804167], [80.6581944, 17.5801389], [80.6579167, 17.5801389], [80.6579167, 17.5795833], [80.6576389, 17.5795833], [80.6576389, 17.5793056], [80.6565278, 17.5793056], [80.6565278, 17.5790278], [80.6559722, 17.5790278], [80.6559722, 17.5798611], [80.6554167, 17.5798611], [80.6554167, 17.5815278], [80.6551389, 17.5815278], [80.6551389, 17.5823611], [80.6545833, 17.5823611], [80.6545833, 17.5826389], [80.6548611, 17.5826389], [80.6548611, 17.5829167]], [[80.5226389, 17.56125], [80.5231944, 17.56125], [80.5231944, 17.5609722], [80.5226389, 17.5609722], [80.5226389, 17.56125]], [[80.5240278, 17.5595833], [80.5243056, 17.5595833], [80.5243056, 17.5593056], [80.5240278, 17.5593056], [80.5240278, 17.5595833]], [[80.5243056, 17.5593056], [80.5245833, 17.5593056], [80.5245833, 17.5590278], [80.5243056, 17.5590278], [80.5243056, 17.5593056]], [[80.5245833, 17.5590278], [80.5251389, 17.5590278], [80.5251389, 17.55875], [80.5256944, 17.55875], [80.5256944, 17.5584722], [80.5259722, 17.5584722], [80.5259722, 17.5579167], [80.5254167, 17.5579167], [80.5254167, 17.5581944], [80.5251389, 17.5581944], [80.5251389, 17.5584722], [80.5248611, 17.5584722], [80.5248611, 17.55875], [80.5245833, 17.55875], [80.5245833, 17.5590278]], [[80.5826389, 17.5556944], [80.5831944, 17.5556944], [80.5831944, 17.5551389], [80.5823611, 17.5551389], [80.5823611, 17.5554167], [80.5826389, 17.5554167], [80.5826389, 17.5556944]], [[80.6048611, 17.5490278], [80.6051389, 17.5490278], [80.6051389, 17.54875], [80.6048611, 17.54875], [80.6048611, 17.5490278]], [[80.6054167, 17.5484722], [80.6065278, 17.5484722], [80.6065278, 17.5476389], [80.60625, 17.5476389], [80.60625, 17.5473611], [80.6059722, 17.5473611], [80.6059722, 17.5459722], [80.60625, 17.5459722], [80.60625, 17.5454167], [80.6056944, 17.5454167], [80.6056944, 17.5451389], [80.6054167, 17.5451389], [80.6054167, 17.5443056], [80.6048611, 17.5443056], [80.6048611, 17.5445833], [80.6045833, 17.5445833], [80.6045833, 17.5448611], [80.6040278, 17.5448611], [80.6040278, 17.5451389], [80.60375, 17.5451389], [80.60375, 17.5468056], [80.6045833, 17.5468056], [80.6045833, 17.5470833], [80.6048611, 17.5470833], [80.6048611, 17.5476389], [80.6051389, 17.5476389], [80.6051389, 17.5481944], [80.6054167, 17.5481944], [80.6054167, 17.5484722]], [[80.5948611, 17.5473611], [80.5951389, 17.5473611], [80.5951389, 17.5470833], [80.5954167, 17.5470833], [80.5954167, 17.5468056], [80.5948611, 17.5468056], [80.5948611, 17.5473611]], [[80.8101389, 17.5451389], [80.8106944, 17.5451389], [80.8106944, 17.5448611], [80.8101389, 17.5448611], [80.8101389, 17.5451389]], [[80.8101389, 17.5434722], [80.8109722, 17.5434722], [80.8109722, 17.5426389], [80.81125, 17.5426389], [80.81125, 17.5423611], [80.8115278, 17.5423611], [80.8115278, 17.5418056], [80.81125, 17.5418056], [80.81125, 17.5415278], [80.8109722, 17.5415278], [80.8109722, 17.5418056], [80.8106944, 17.5418056], [80.8106944, 17.5420833], [80.8104167, 17.5420833], [80.8104167, 17.5423611], [80.8101389, 17.5423611], [80.8101389, 17.5434722]], [[80.5629167, 17.5415278], [80.5634722, 17.5415278], [80.5634722, 17.5409722], [80.5629167, 17.5409722], [80.5629167, 17.5415278]], [[80.6909722, 17.5406944], [80.6920833, 17.5406944], [80.6920833, 17.5404167], [80.6923611, 17.5404167], [80.6923611, 17.5401389], [80.6926389, 17.5401389], [80.6926389, 17.5395833], [80.6929167, 17.5395833], [80.6929167, 17.5393056], [80.6940278, 17.5393056], [80.6940278, 17.5390278], [80.6943056, 17.5390278], [80.6943056, 17.53875], [80.6945833, 17.53875], [80.6945833, 17.5381944], [80.6948611, 17.5381944], [80.6948611, 17.5354167], [80.6945833, 17.5354167], [80.6945833, 17.5351389], [80.6943056, 17.5351389], [80.6943056, 17.5348611], [80.6940278, 17.5348611], [80.6940278, 17.5345833], [80.69375, 17.5345833], [80.69375, 17.5343056], [80.6931944, 17.5343056], [80.6931944, 17.5340278], [80.6923611, 17.5340278], [80.6923611, 17.5343056], [80.6920833, 17.5343056], [80.6920833, 17.5345833], [80.6915278, 17.5345833], [80.6915278, 17.5348611], [80.69125, 17.5348611], [80.69125, 17.5351389], [80.6909722, 17.5351389], [80.6909722, 17.5356944], [80.6906944, 17.5356944], [80.6906944, 17.5359722], [80.6904167, 17.5359722], [80.6904167, 17.53625], [80.6906944, 17.53625], [80.6906944, 17.5365278], [80.6909722, 17.5365278], [80.6909722, 17.5368056], [80.69125, 17.5368056], [80.69125, 17.5398611], [80.6909722, 17.5398611], [80.6909722, 17.5406944]], [[80.5690278, 17.5393056], [80.5698611, 17.5393056], [80.5698611, 17.5384722], [80.5695833, 17.5384722], [80.5695833, 17.53875], [80.5690278, 17.53875], [80.5690278, 17.5393056]], [[80.5476389, 17.5379167], [80.5484722, 17.5379167], [80.5484722, 17.5376389], [80.54875, 17.5376389], [80.54875, 17.5373611], [80.5490278, 17.5373611], [80.5490278, 17.5370833], [80.5493056, 17.5370833], [80.5493056, 17.5368056], [80.5495833, 17.5368056], [80.5495833, 17.5365278], [80.5498611, 17.5365278], [80.5498611, 17.5359722], [80.5501389, 17.5359722], [80.5501389, 17.5356944], [80.5504167, 17.5356944], [80.5504167, 17.5348611], [80.5506944, 17.5348611], [80.5506944, 17.5345833], [80.5498611, 17.5345833], [80.5498611, 17.5343056], [80.5495833, 17.5343056], [80.5495833, 17.5340278], [80.5493056, 17.5340278], [80.5493056, 17.53375], [80.54875, 17.53375], [80.54875, 17.5334722], [80.5479167, 17.5334722], [80.5479167, 17.5343056], [80.5481944, 17.5343056], [80.5481944, 17.5354167], [80.5479167, 17.5354167], [80.5479167, 17.5359722], [80.5481944, 17.5359722], [80.5481944, 17.5368056], [80.5479167, 17.5368056], [80.5479167, 17.5370833], [80.5476389, 17.5370833], [80.5476389, 17.5379167]], [[80.5673611, 17.5370833], [80.5676389, 17.5370833], [80.5676389, 17.5368056], [80.5684722, 17.5368056], [80.5684722, 17.5365278], [80.5698611, 17.5365278], [80.5698611, 17.53625], [80.5695833, 17.53625], [80.5695833, 17.5351389], [80.5681944, 17.5351389], [80.5681944, 17.5354167], [80.5676389, 17.5354167], [80.5676389, 17.5356944], [80.5673611, 17.5356944], [80.5673611, 17.5359722], [80.5668056, 17.5359722], [80.5668056, 17.5368056], [80.5673611, 17.5368056], [80.5673611, 17.5370833]], [[80.5556944, 17.5323611], [80.5559722, 17.5323611], [80.5559722, 17.5315278], [80.55625, 17.5315278], [80.55625, 17.5309722], [80.5559722, 17.5309722], [80.5559722, 17.5304167], [80.5554167, 17.5304167], [80.5554167, 17.5306944], [80.5548611, 17.5306944], [80.5548611, 17.5315278], [80.5551389, 17.5315278], [80.5551389, 17.5318056], [80.5554167, 17.5318056], [80.5554167, 17.5320833], [80.5556944, 17.5320833], [80.5556944, 17.5323611]], [[80.7173611, 17.53125], [80.7176389, 17.53125], [80.7176389, 17.5309722], [80.7184722, 17.5309722], [80.7184722, 17.5306944], [80.7181944, 17.5306944], [80.7181944, 17.5301389], [80.7179167, 17.5301389], [80.7179167, 17.5298611], [80.7176389, 17.5298611], [80.7176389, 17.5295833], [80.7170833, 17.5295833], [80.7170833, 17.5309722], [80.7173611, 17.5309722], [80.7173611, 17.53125]], [[80.7248611, 17.52625], [80.7251389, 17.52625], [80.7251389, 17.5251389], [80.7248611, 17.5251389], [80.7248611, 17.52625]], [[80.8018056, 17.5240278], [80.8020833, 17.5240278], [80.8020833, 17.5234722], [80.8023611, 17.5234722], [80.8023611, 17.5231944], [80.8018056, 17.5231944], [80.8018056, 17.5240278]], [[80.6918056, 17.52375], [80.6934722, 17.52375], [80.6934722, 17.5234722], [80.6951389, 17.5234722], [80.6951389, 17.5231944], [80.6956944, 17.5231944], [80.6956944, 17.5229167], [80.6959722, 17.5229167], [80.6959722, 17.5226389], [80.6929167, 17.5226389], [80.6929167, 17.5229167], [80.6918056, 17.5229167], [80.6918056, 17.52375]], [[80.8040278, 17.5234722], [80.8045833, 17.5234722], [80.8045833, 17.5229167], [80.8048611, 17.5229167], [80.8048611, 17.5223611], [80.8045833, 17.5223611], [80.8045833, 17.5218056], [80.8043056, 17.5218056], [80.8043056, 17.5226389], [80.8040278, 17.5226389], [80.8040278, 17.5234722]], [[80.6959722, 17.5226389], [80.69625, 17.5226389], [80.69625, 17.5223611], [80.6959722, 17.5223611], [80.6959722, 17.5226389]], [[80.7498611, 17.5190278], [80.7501389, 17.5190278], [80.7501389, 17.51875], [80.7506944, 17.51875], [80.7506944, 17.5184722], [80.7509722, 17.5184722], [80.7509722, 17.5181944], [80.7506944, 17.5181944], [80.7506944, 17.5176389], [80.7515278, 17.5176389], [80.7515278, 17.5181944], [80.7523611, 17.5181944], [80.7523611, 17.5173611], [80.7529167, 17.5173611], [80.7529167, 17.5170833], [80.7531944, 17.5170833], [80.7531944, 17.5168056], [80.7534722, 17.5168056], [80.7534722, 17.5151389], [80.7540278, 17.5151389], [80.7540278, 17.5148611], [80.7529167, 17.5148611], [80.7529167, 17.5145833], [80.7520833, 17.5145833], [80.7520833, 17.5143056], [80.7518056, 17.5143056], [80.7518056, 17.5145833], [80.75125, 17.5145833], [80.75125, 17.5154167], [80.7506944, 17.5154167], [80.7506944, 17.5156944], [80.7501389, 17.5156944], [80.7501389, 17.5176389], [80.7495833, 17.5176389], [80.7495833, 17.5179167], [80.7493056, 17.5179167], [80.7493056, 17.5181944], [80.7490278, 17.5181944], [80.7490278, 17.5184722], [80.7493056, 17.5184722], [80.7493056, 17.51875], [80.7498611, 17.51875], [80.7498611, 17.5190278]], [[80.6884722, 17.5181944], [80.6890278, 17.5181944], [80.6890278, 17.5179167], [80.6893056, 17.5179167], [80.6893056, 17.5176389], [80.6898611, 17.5176389], [80.6898611, 17.5170833], [80.6890278, 17.5170833], [80.6890278, 17.5168056], [80.6884722, 17.5168056], [80.6884722, 17.5170833], [80.6881944, 17.5170833], [80.6881944, 17.5179167], [80.6884722, 17.5179167], [80.6884722, 17.5181944]], [[80.7540278, 17.5148611], [80.7543056, 17.5148611], [80.7543056, 17.5145833], [80.7540278, 17.5145833], [80.7540278, 17.5148611]], [[80.7756944, 17.51375], [80.77625, 17.51375], [80.77625, 17.5134722], [80.7768056, 17.5134722], [80.7768056, 17.5131944], [80.7779167, 17.5131944], [80.7779167, 17.5129167], [80.7776389, 17.5129167], [80.7776389, 17.5120833], [80.7773611, 17.5120833], [80.7773611, 17.5118056], [80.77625, 17.5118056], [80.77625, 17.5131944], [80.7756944, 17.5131944], [80.7756944, 17.51375]], [[80.54375, 17.5118056], [80.5445833, 17.5118056], [80.5445833, 17.5106944], [80.54375, 17.5106944], [80.54375, 17.5118056]], [[80.77875, 17.5101389], [80.7790278, 17.5101389], [80.7790278, 17.5093056], [80.77875, 17.5093056], [80.77875, 17.5090278], [80.7784722, 17.5090278], [80.7784722, 17.5093056], [80.7781944, 17.5093056], [80.7781944, 17.5095833], [80.7784722, 17.5095833], [80.7784722, 17.5098611], [80.77875, 17.5098611], [80.77875, 17.5101389]], [[80.54375, 17.5098611], [80.5443056, 17.5098611], [80.5443056, 17.5093056], [80.5440278, 17.5093056], [80.5440278, 17.5095833], [80.54375, 17.5095833], [80.54375, 17.5098611]], [[80.7631944, 17.5073611], [80.7640278, 17.5073611], [80.7640278, 17.5070833], [80.7643056, 17.5070833], [80.7643056, 17.5068056], [80.7645833, 17.5068056], [80.7645833, 17.50625], [80.7643056, 17.50625], [80.7643056, 17.5059722], [80.76375, 17.5059722], [80.76375, 17.50625], [80.7634722, 17.50625], [80.7634722, 17.5068056], [80.7631944, 17.5068056], [80.7631944, 17.5073611]], [[80.70125, 17.5054167], [80.7015278, 17.5054167], [80.7015278, 17.5040278], [80.70125, 17.5040278], [80.70125, 17.50375], [80.7009722, 17.50375], [80.7009722, 17.5026389], [80.70125, 17.5026389], [80.70125, 17.5023611], [80.7015278, 17.5023611], [80.7015278, 17.50125], [80.7018056, 17.50125], [80.7018056, 17.4998611], [80.7015278, 17.4998611], [80.7015278, 17.5001389], [80.70125, 17.5001389], [80.70125, 17.4998611], [80.7009722, 17.4998611], [80.7009722, 17.4995833], [80.7006944, 17.4995833], [80.7006944, 17.4993056], [80.7004167, 17.4993056], [80.7004167, 17.4990278], [80.6990278, 17.4990278], [80.6990278, 17.49875], [80.69875, 17.49875], [80.69875, 17.4990278], [80.6979167, 17.4990278], [80.6979167, 17.49875], [80.6973611, 17.49875], [80.6973611, 17.4984722], [80.6968056, 17.4984722], [80.6968056, 17.4981944], [80.6959722, 17.4981944], [80.6959722, 17.4979167], [80.6956944, 17.4979167], [80.6956944, 17.4973611], [80.6948611, 17.4973611], [80.6948611, 17.4979167], [80.6945833, 17.4979167], [80.6945833, 17.4984722], [80.6943056, 17.4984722], [80.6943056, 17.49875], [80.6951389, 17.49875], [80.6951389, 17.4990278], [80.6968056, 17.4990278], [80.6968056, 17.4993056], [80.6976389, 17.4993056], [80.6976389, 17.4998611], [80.6981944, 17.4998611], [80.6981944, 17.5006944], [80.6984722, 17.5006944], [80.6984722, 17.5009722], [80.6990278, 17.5009722], [80.6990278, 17.50125], [80.6995833, 17.50125], [80.6995833, 17.5015278], [80.7001389, 17.5015278], [80.7001389, 17.5018056], [80.7004167, 17.5018056], [80.7004167, 17.50375], [80.7006944, 17.50375], [80.7006944, 17.5043056], [80.7004167, 17.5043056], [80.7004167, 17.5045833], [80.7001389, 17.5045833], [80.7001389, 17.5043056], [80.6998611, 17.5043056], [80.6998611, 17.5040278], [80.6995833, 17.5040278], [80.6995833, 17.50375], [80.6993056, 17.50375], [80.6993056, 17.5034722], [80.6990278, 17.5034722], [80.6990278, 17.5031944], [80.69875, 17.5031944], [80.69875, 17.5029167], [80.6984722, 17.5029167], [80.6984722, 17.5026389], [80.6981944, 17.5026389], [80.6981944, 17.5029167], [80.6979167, 17.5029167], [80.6979167, 17.5031944], [80.6970833, 17.5031944], [80.6970833, 17.5034722], [80.6968056, 17.5034722], [80.6968056, 17.5040278], [80.6965278, 17.5040278], [80.6965278, 17.5045833], [80.6968056, 17.5045833], [80.6968056, 17.5048611], [80.6973611, 17.5048611], [80.6973611, 17.5051389], [80.6990278, 17.5051389], [80.6990278, 17.5048611], [80.7001389, 17.5048611], [80.7001389, 17.5051389], [80.70125, 17.5051389], [80.70125, 17.5054167]], [[80.6509722, 17.5020833], [80.6526389, 17.5020833], [80.6526389, 17.5009722], [80.6523611, 17.5009722], [80.6523611, 17.5006944], [80.6518056, 17.5006944], [80.6518056, 17.5001389], [80.6520833, 17.5001389], [80.6520833, 17.4998611], [80.6523611, 17.4998611], [80.6523611, 17.4993056], [80.65125, 17.4993056], [80.65125, 17.5001389], [80.6506944, 17.5001389], [80.6506944, 17.50125], [80.6509722, 17.50125], [80.6509722, 17.5020833]], [[80.6676389, 17.49875], [80.6679167, 17.49875], [80.6679167, 17.4984722], [80.6681944, 17.4984722], [80.6681944, 17.4981944], [80.6684722, 17.4981944], [80.6684722, 17.4968056], [80.66875, 17.4968056], [80.66875, 17.4959722], [80.6684722, 17.4959722], [80.6684722, 17.4956944], [80.6681944, 17.4956944], [80.6681944, 17.4954167], [80.6690278, 17.4954167], [80.6690278, 17.4956944], [80.6695833, 17.4956944], [80.6695833, 17.4954167], [80.6698611, 17.4954167], [80.6698611, 17.4951389], [80.6706944, 17.4951389], [80.6706944, 17.4948611], [80.6704167, 17.4948611], [80.6704167, 17.4943056], [80.6698611, 17.4943056], [80.6698611, 17.4940278], [80.66875, 17.4940278], [80.66875, 17.49375], [80.6684722, 17.49375], [80.6684722, 17.4934722], [80.6679167, 17.4934722], [80.6679167, 17.4931944], [80.6676389, 17.4931944], [80.6676389, 17.4929167], [80.6673611, 17.4929167], [80.6673611, 17.4926389], [80.6670833, 17.4926389], [80.6670833, 17.4923611], [80.6651389, 17.4923611], [80.6651389, 17.4934722], [80.6654167, 17.4934722], [80.6654167, 17.4943056], [80.6651389, 17.4943056], [80.6651389, 17.4948611], [80.6654167, 17.4948611], [80.6654167, 17.4951389], [80.6656944, 17.4951389], [80.6656944, 17.4968056], [80.6659722, 17.4968056], [80.6659722, 17.4970833], [80.6668056, 17.4970833], [80.6668056, 17.4973611], [80.6670833, 17.4973611], [80.6670833, 17.4979167], [80.6673611, 17.4979167], [80.6673611, 17.4981944], [80.6676389, 17.4981944], [80.6676389, 17.49875]], [[80.6926389, 17.4984722], [80.6931944, 17.4984722], [80.6931944, 17.4976389], [80.6926389, 17.4976389], [80.6926389, 17.4984722]], [[80.6526389, 17.4981944], [80.6534722, 17.4981944], [80.6534722, 17.4979167], [80.65375, 17.4979167], [80.65375, 17.4973611], [80.6534722, 17.4973611], [80.6534722, 17.4968056], [80.6529167, 17.4968056], [80.6529167, 17.4970833], [80.6526389, 17.4970833], [80.6526389, 17.4976389], [80.6529167, 17.4976389], [80.6529167, 17.4979167], [80.6526389, 17.4979167], [80.6526389, 17.4981944]], [[80.5345833, 17.4970833], [80.5351389, 17.4970833], [80.5351389, 17.49625], [80.5348611, 17.49625], [80.5348611, 17.4959722], [80.5343056, 17.4959722], [80.5343056, 17.4968056], [80.5345833, 17.4968056], [80.5345833, 17.4970833]], [[80.6943056, 17.4968056], [80.6945833, 17.4968056], [80.6945833, 17.4965278], [80.6954167, 17.4965278], [80.6954167, 17.4959722], [80.6945833, 17.4959722], [80.6945833, 17.49625], [80.6943056, 17.49625], [80.6943056, 17.4968056]], [[80.7020833, 17.4934722], [80.7034722, 17.4934722], [80.7034722, 17.4931944], [80.70375, 17.4931944], [80.70375, 17.4926389], [80.7040278, 17.4926389], [80.7040278, 17.4909722], [80.7031944, 17.4909722], [80.7031944, 17.4915278], [80.7026389, 17.4915278], [80.7026389, 17.4918056], [80.7020833, 17.4918056], [80.7020833, 17.4920833], [80.7015278, 17.4920833], [80.7015278, 17.4923611], [80.70125, 17.4923611], [80.70125, 17.4931944], [80.7020833, 17.4931944], [80.7020833, 17.4934722]], [[80.6970833, 17.4881944], [80.6976389, 17.4881944], [80.6976389, 17.4879167], [80.6984722, 17.4879167], [80.6984722, 17.4876389], [80.69875, 17.4876389], [80.69875, 17.4873611], [80.6990278, 17.4873611], [80.6990278, 17.4870833], [80.6993056, 17.4870833], [80.6993056, 17.4868056], [80.69875, 17.4868056], [80.69875, 17.4865278], [80.6984722, 17.4865278], [80.6984722, 17.4859722], [80.6981944, 17.4859722], [80.6981944, 17.4854167], [80.6979167, 17.4854167], [80.6979167, 17.4851389], [80.6976389, 17.4851389], [80.6976389, 17.4870833], [80.6973611, 17.4870833], [80.6973611, 17.4873611], [80.6968056, 17.4873611], [80.6968056, 17.4876389], [80.6970833, 17.4876389], [80.6970833, 17.4881944]], [[80.7001389, 17.4859722], [80.7006944, 17.4859722], [80.7006944, 17.4856944], [80.70125, 17.4856944], [80.70125, 17.4854167], [80.7004167, 17.4854167], [80.7004167, 17.4856944], [80.7001389, 17.4856944], [80.7001389, 17.4859722]], [[80.6968056, 17.4848611], [80.6979167, 17.4848611], [80.6979167, 17.4840278], [80.6976389, 17.4840278], [80.6976389, 17.4834722], [80.6979167, 17.4834722], [80.6979167, 17.4826389], [80.6973611, 17.4826389], [80.6973611, 17.4823611], [80.6970833, 17.4823611], [80.6970833, 17.4820833], [80.69625, 17.4820833], [80.69625, 17.4831944], [80.6965278, 17.4831944], [80.6965278, 17.4843056], [80.6968056, 17.4843056], [80.6968056, 17.4848611]], [[80.6848611, 17.4845833], [80.6856944, 17.4845833], [80.6856944, 17.4843056], [80.6859722, 17.4843056], [80.6859722, 17.4831944], [80.6856944, 17.4831944], [80.6856944, 17.4829167], [80.6834722, 17.4829167], [80.6834722, 17.4843056], [80.68375, 17.4843056], [80.68375, 17.4840278], [80.6843056, 17.4840278], [80.6843056, 17.4843056], [80.6848611, 17.4843056], [80.6848611, 17.4845833]], [[80.6284722, 17.4815278], [80.62875, 17.4815278], [80.62875, 17.4809722], [80.6290278, 17.4809722], [80.6290278, 17.48125], [80.6301389, 17.48125], [80.6301389, 17.4815278], [80.6304167, 17.4815278], [80.6304167, 17.48125], [80.63125, 17.48125], [80.63125, 17.4809722], [80.6315278, 17.4809722], [80.6315278, 17.48125], [80.6320833, 17.48125], [80.6320833, 17.4809722], [80.6326389, 17.4809722], [80.6326389, 17.4806944], [80.6340278, 17.4806944], [80.6340278, 17.4804167], [80.6343056, 17.4804167], [80.6343056, 17.4793056], [80.6345833, 17.4793056], [80.6345833, 17.4790278], [80.6351389, 17.4790278], [80.6351389, 17.47875], [80.6356944, 17.47875], [80.6356944, 17.4784722], [80.63625, 17.4784722], [80.63625, 17.4781944], [80.6365278, 17.4781944], [80.6365278, 17.4779167], [80.6368056, 17.4779167], [80.6368056, 17.4773611], [80.6370833, 17.4773611], [80.6370833, 17.4759722], [80.6368056, 17.4759722], [80.6368056, 17.4756944], [80.6365278, 17.4756944], [80.6365278, 17.4754167], [80.63625, 17.4754167], [80.63625, 17.4743056], [80.6365278, 17.4743056], [80.6365278, 17.4740278], [80.6368056, 17.4740278], [80.6368056, 17.4734722], [80.63375, 17.4734722], [80.63375, 17.47375], [80.6326389, 17.47375], [80.6326389, 17.4734722], [80.6318056, 17.4734722], [80.6318056, 17.47375], [80.6298611, 17.47375], [80.6298611, 17.4748611], [80.6295833, 17.4748611], [80.6295833, 17.4751389], [80.6293056, 17.4751389], [80.6293056, 17.4754167], [80.62875, 17.4754167], [80.62875, 17.4751389], [80.6279167, 17.4751389], [80.6279167, 17.4754167], [80.6273611, 17.4754167], [80.6273611, 17.4759722], [80.6268056, 17.4759722], [80.6268056, 17.4768056], [80.6265278, 17.4768056], [80.6265278, 17.4770833], [80.62625, 17.4770833], [80.62625, 17.4773611], [80.6259722, 17.4773611], [80.6259722, 17.4795833], [80.6256944, 17.4795833], [80.6256944, 17.4804167], [80.62625, 17.4804167], [80.62625, 17.4801389], [80.6276389, 17.4801389], [80.6276389, 17.4795833], [80.6279167, 17.4795833], [80.6279167, 17.4790278], [80.6281944, 17.4790278], [80.6281944, 17.47875], [80.6284722, 17.47875], [80.6284722, 17.4784722], [80.6290278, 17.4784722], [80.6290278, 17.4790278], [80.62875, 17.4790278], [80.62875, 17.4801389], [80.6284722, 17.4801389], [80.6284722, 17.4815278]], [[80.6793056, 17.4809722], [80.6798611, 17.4809722], [80.6798611, 17.4806944], [80.6801389, 17.4806944], [80.6801389, 17.4804167], [80.6798611, 17.4804167], [80.6798611, 17.4801389], [80.6795833, 17.4801389], [80.6795833, 17.4798611], [80.6790278, 17.4798611], [80.6790278, 17.4801389], [80.67875, 17.4801389], [80.67875, 17.4806944], [80.6793056, 17.4806944], [80.6793056, 17.4809722]], [[80.6884722, 17.4801389], [80.6890278, 17.4801389], [80.6890278, 17.4793056], [80.68875, 17.4793056], [80.68875, 17.4790278], [80.6884722, 17.4790278], [80.6884722, 17.4795833], [80.6881944, 17.4795833], [80.6881944, 17.4798611], [80.6884722, 17.4798611], [80.6884722, 17.4801389]], [[80.6870833, 17.47875], [80.6884722, 17.47875], [80.6884722, 17.4770833], [80.6879167, 17.4770833], [80.6879167, 17.4768056], [80.6881944, 17.4768056], [80.6881944, 17.4759722], [80.6879167, 17.4759722], [80.6879167, 17.4756944], [80.6876389, 17.4756944], [80.6876389, 17.4748611], [80.6873611, 17.4748611], [80.6873611, 17.4743056], [80.6868056, 17.4743056], [80.6868056, 17.4740278], [80.68625, 17.4740278], [80.68625, 17.4743056], [80.6856944, 17.4743056], [80.6856944, 17.4745833], [80.6859722, 17.4745833], [80.6859722, 17.4748611], [80.68625, 17.4748611], [80.68625, 17.4751389], [80.6865278, 17.4751389], [80.6865278, 17.4759722], [80.6868056, 17.4759722], [80.6868056, 17.4765278], [80.6865278, 17.4765278], [80.6865278, 17.4770833], [80.6868056, 17.4770833], [80.6868056, 17.4773611], [80.6865278, 17.4773611], [80.6865278, 17.4776389], [80.68625, 17.4776389], [80.68625, 17.4779167], [80.6856944, 17.4779167], [80.6856944, 17.4784722], [80.6870833, 17.4784722], [80.6870833, 17.47875]], [[80.5320833, 17.4748611], [80.5331944, 17.4748611], [80.5331944, 17.4745833], [80.5334722, 17.4745833], [80.5334722, 17.47375], [80.5340278, 17.47375], [80.5340278, 17.4729167], [80.53375, 17.4729167], [80.53375, 17.4731944], [80.5334722, 17.4731944], [80.5334722, 17.4734722], [80.5326389, 17.4734722], [80.5326389, 17.47375], [80.5323611, 17.47375], [80.5323611, 17.4740278], [80.5320833, 17.4740278], [80.5320833, 17.4748611]], [[80.6368056, 17.4734722], [80.6370833, 17.4734722], [80.6370833, 17.4731944], [80.6368056, 17.4731944], [80.6368056, 17.4734722]], [[80.5340278, 17.4709722], [80.5345833, 17.4709722], [80.5345833, 17.4698611], [80.5348611, 17.4698611], [80.5348611, 17.4693056], [80.5351389, 17.4693056], [80.5351389, 17.4690278], [80.5356944, 17.4690278], [80.5356944, 17.46875], [80.53625, 17.46875], [80.53625, 17.4684722], [80.5368056, 17.4684722], [80.5368056, 17.4679167], [80.5376389, 17.4679167], [80.5376389, 17.4673611], [80.5359722, 17.4673611], [80.5359722, 17.4668056], [80.5356944, 17.4668056], [80.5356944, 17.4670833], [80.5354167, 17.4670833], [80.5354167, 17.4673611], [80.5351389, 17.4673611], [80.5351389, 17.4676389], [80.5348611, 17.4676389], [80.5348611, 17.4679167], [80.5345833, 17.4679167], [80.5345833, 17.4684722], [80.5334722, 17.4684722], [80.5334722, 17.4698611], [80.5331944, 17.4698611], [80.5331944, 17.4704167], [80.53375, 17.4704167], [80.53375, 17.4706944], [80.5340278, 17.4706944], [80.5340278, 17.4709722]], [[80.5323611, 17.4706944], [80.5329167, 17.4706944], [80.5329167, 17.4701389], [80.5323611, 17.4701389], [80.5323611, 17.4706944]], [[80.6990278, 17.4706944], [80.6995833, 17.4706944], [80.6995833, 17.4701389], [80.6990278, 17.4701389], [80.6990278, 17.4706944]], [[80.6806944, 17.4684722], [80.68125, 17.4684722], [80.68125, 17.4681944], [80.6806944, 17.4681944], [80.6806944, 17.4684722]], [[80.6201389, 17.4673611], [80.62125, 17.4673611], [80.62125, 17.4668056], [80.6206944, 17.4668056], [80.6206944, 17.4665278], [80.6204167, 17.4665278], [80.6204167, 17.4651389], [80.6201389, 17.4651389], [80.6201389, 17.4648611], [80.6193056, 17.4648611], [80.6193056, 17.46625], [80.6195833, 17.46625], [80.6195833, 17.4665278], [80.6198611, 17.4665278], [80.6198611, 17.4670833], [80.6201389, 17.4670833], [80.6201389, 17.4673611]], [[80.55125, 17.4648611], [80.5518056, 17.4648611], [80.5518056, 17.4643056], [80.55125, 17.4643056], [80.55125, 17.4648611]], [[80.5220833, 17.46375], [80.5223611, 17.46375], [80.5223611, 17.4631944], [80.5226389, 17.4631944], [80.5226389, 17.4626389], [80.5220833, 17.4626389], [80.5220833, 17.4629167], [80.5218056, 17.4629167], [80.5218056, 17.4634722], [80.5220833, 17.4634722], [80.5220833, 17.46375]], [[80.5473611, 17.4634722], [80.5479167, 17.4634722], [80.5479167, 17.4631944], [80.5473611, 17.4631944], [80.5473611, 17.4634722]], [[80.5468056, 17.4629167], [80.5470833, 17.4629167], [80.5470833, 17.4623611], [80.5473611, 17.4623611], [80.5473611, 17.4615278], [80.5468056, 17.4615278], [80.5468056, 17.4629167]], [[80.5415278, 17.46125], [80.5418056, 17.46125], [80.5418056, 17.4609722], [80.5423611, 17.4609722], [80.5423611, 17.4604167], [80.54125, 17.4604167], [80.54125, 17.4609722], [80.5415278, 17.4609722], [80.5415278, 17.46125]], [[80.4990278, 17.4601389], [80.4993056, 17.4601389], [80.4993056, 17.4595833], [80.4990278, 17.4595833], [80.4990278, 17.4601389]], [[80.5376389, 17.4595833], [80.5381944, 17.4595833], [80.5381944, 17.45875], [80.5384722, 17.45875], [80.5384722, 17.4581944], [80.53875, 17.4581944], [80.53875, 17.4576389], [80.5390278, 17.4576389], [80.5390278, 17.4573611], [80.5393056, 17.4573611], [80.5393056, 17.45625], [80.5390278, 17.45625], [80.5390278, 17.4559722], [80.53875, 17.4559722], [80.53875, 17.4556944], [80.5384722, 17.4556944], [80.5384722, 17.4554167], [80.5376389, 17.4554167], [80.5376389, 17.4556944], [80.5370833, 17.4556944], [80.5370833, 17.4559722], [80.5368056, 17.4559722], [80.5368056, 17.45625], [80.5359722, 17.45625], [80.5359722, 17.4573611], [80.53625, 17.4573611], [80.53625, 17.4581944], [80.5365278, 17.4581944], [80.5365278, 17.4584722], [80.5370833, 17.4584722], [80.5370833, 17.45875], [80.5373611, 17.45875], [80.5373611, 17.4590278], [80.5376389, 17.4590278], [80.5376389, 17.4595833]], [[80.6079167, 17.4570833], [80.6093056, 17.4570833], [80.6093056, 17.4568056], [80.6095833, 17.4568056], [80.6095833, 17.4565278], [80.6098611, 17.4565278], [80.6098611, 17.45625], [80.6093056, 17.45625], [80.6093056, 17.4565278], [80.6084722, 17.4565278], [80.6084722, 17.4568056], [80.6079167, 17.4568056], [80.6079167, 17.4570833]], [[80.5079167, 17.4568056], [80.5084722, 17.4568056], [80.5084722, 17.4551389], [80.5081944, 17.4551389], [80.5081944, 17.4548611], [80.5079167, 17.4548611], [80.5079167, 17.4543056], [80.5070833, 17.4543056], [80.5070833, 17.4548611], [80.5073611, 17.4548611], [80.5073611, 17.4556944], [80.5076389, 17.4556944], [80.5076389, 17.4565278], [80.5079167, 17.4565278], [80.5079167, 17.4568056]], [[80.5409722, 17.4551389], [80.5415278, 17.4551389], [80.5415278, 17.4545833], [80.5409722, 17.4545833], [80.5409722, 17.4551389]], [[80.6118056, 17.4406944], [80.6131944, 17.4406944], [80.6131944, 17.4404167], [80.6134722, 17.4404167], [80.6134722, 17.4401389], [80.61375, 17.4401389], [80.61375, 17.4404167], [80.6148611, 17.4404167], [80.6148611, 17.4401389], [80.6145833, 17.4401389], [80.6145833, 17.4398611], [80.61375, 17.4398611], [80.61375, 17.4395833], [80.6131944, 17.4395833], [80.6131944, 17.4393056], [80.6123611, 17.4393056], [80.6123611, 17.4395833], [80.6120833, 17.4395833], [80.6120833, 17.4398611], [80.6115278, 17.4398611], [80.6115278, 17.4401389], [80.6118056, 17.4401389], [80.6118056, 17.4406944]], [[80.5154167, 17.4401389], [80.5165278, 17.4401389], [80.5165278, 17.4393056], [80.5159722, 17.4393056], [80.5159722, 17.43875], [80.5156944, 17.43875], [80.5156944, 17.4384722], [80.5151389, 17.4384722], [80.5151389, 17.43875], [80.5154167, 17.43875], [80.5154167, 17.4401389]], [[80.56875, 17.4384722], [80.5693056, 17.4384722], [80.5693056, 17.4381944], [80.5690278, 17.4381944], [80.5690278, 17.4379167], [80.5693056, 17.4379167], [80.5693056, 17.4370833], [80.5695833, 17.4370833], [80.5695833, 17.4368056], [80.5698611, 17.4368056], [80.5698611, 17.43625], [80.5695833, 17.43625], [80.5695833, 17.4356944], [80.5693056, 17.4356944], [80.5693056, 17.43375], [80.5690278, 17.43375], [80.5690278, 17.4334722], [80.5693056, 17.4334722], [80.5693056, 17.4326389], [80.5690278, 17.4326389], [80.5690278, 17.4323611], [80.56875, 17.4323611], [80.56875, 17.4320833], [80.5684722, 17.4320833], [80.5684722, 17.4318056], [80.5681944, 17.4318056], [80.5681944, 17.4309722], [80.5679167, 17.4309722], [80.5679167, 17.4301389], [80.5690278, 17.4301389], [80.5690278, 17.4293056], [80.5693056, 17.4293056], [80.5693056, 17.4290278], [80.5695833, 17.4290278], [80.5695833, 17.42875], [80.5693056, 17.42875], [80.5693056, 17.4284722], [80.5695833, 17.4284722], [80.5695833, 17.4265278], [80.5690278, 17.4265278], [80.5690278, 17.4256944], [80.5695833, 17.4256944], [80.5695833, 17.4245833], [80.5698611, 17.4245833], [80.5698611, 17.4243056], [80.5706944, 17.4243056], [80.5706944, 17.4240278], [80.5731944, 17.4240278], [80.5731944, 17.4231944], [80.5734722, 17.4231944], [80.5734722, 17.4223611], [80.5740278, 17.4223611], [80.5740278, 17.4220833], [80.5743056, 17.4220833], [80.5743056, 17.4215278], [80.5740278, 17.4215278], [80.5740278, 17.4206944], [80.57375, 17.4206944], [80.57375, 17.4204167], [80.5723611, 17.4204167], [80.5723611, 17.4206944], [80.5718056, 17.4206944], [80.5718056, 17.4209722], [80.5706944, 17.4209722], [80.5706944, 17.4206944], [80.5701389, 17.4206944], [80.5701389, 17.4204167], [80.5698611, 17.4204167], [80.5698611, 17.4201389], [80.5695833, 17.4201389], [80.5695833, 17.4198611], [80.5690278, 17.4198611], [80.5690278, 17.4193056], [80.5681944, 17.4193056], [80.5681944, 17.4195833], [80.5679167, 17.4195833], [80.5679167, 17.4193056], [80.5676389, 17.4193056], [80.5676389, 17.4195833], [80.5668056, 17.4195833], [80.5668056, 17.4193056], [80.5654167, 17.4193056], [80.5654167, 17.4195833], [80.5651389, 17.4195833], [80.5651389, 17.4190278], [80.5645833, 17.4190278], [80.5645833, 17.4193056], [80.5643056, 17.4193056], [80.5643056, 17.4195833], [80.5640278, 17.4195833], [80.5640278, 17.4201389], [80.5631944, 17.4201389], [80.5631944, 17.4193056], [80.5620833, 17.4193056], [80.5620833, 17.4204167], [80.5618056, 17.4204167], [80.5618056, 17.4206944], [80.5615278, 17.4206944], [80.5615278, 17.4220833], [80.56125, 17.4220833], [80.56125, 17.4223611], [80.5606944, 17.4223611], [80.5606944, 17.4226389], [80.5609722, 17.4226389], [80.5609722, 17.4229167], [80.5615278, 17.4229167], [80.5615278, 17.4240278], [80.5618056, 17.4240278], [80.5618056, 17.4243056], [80.5615278, 17.4243056], [80.5615278, 17.4248611], [80.5618056, 17.4248611], [80.5618056, 17.4254167], [80.5620833, 17.4254167], [80.5620833, 17.42625], [80.5623611, 17.42625], [80.5623611, 17.4268056], [80.5626389, 17.4268056], [80.5626389, 17.4270833], [80.5631944, 17.4270833], [80.5631944, 17.4273611], [80.5634722, 17.4273611], [80.5634722, 17.4276389], [80.5643056, 17.4276389], [80.5643056, 17.4290278], [80.5640278, 17.4290278], [80.5640278, 17.4295833], [80.56375, 17.4295833], [80.56375, 17.4301389], [80.5634722, 17.4301389], [80.5634722, 17.4320833], [80.5631944, 17.4320833], [80.5631944, 17.4326389], [80.5629167, 17.4326389], [80.5629167, 17.4331944], [80.5626389, 17.4331944], [80.5626389, 17.4343056], [80.5629167, 17.4343056], [80.5629167, 17.4345833], [80.5631944, 17.4345833], [80.5631944, 17.4348611], [80.5634722, 17.4348611], [80.5634722, 17.4351389], [80.5640278, 17.4351389], [80.5640278, 17.4354167], [80.5643056, 17.4354167], [80.5643056, 17.4356944], [80.5645833, 17.4356944], [80.5645833, 17.4359722], [80.5648611, 17.4359722], [80.5648611, 17.43625], [80.5656944, 17.43625], [80.5656944, 17.4365278], [80.5659722, 17.4365278], [80.5659722, 17.4368056], [80.5670833, 17.4368056], [80.5670833, 17.4370833], [80.5676389, 17.4370833], [80.5676389, 17.4373611], [80.5679167, 17.4373611], [80.5679167, 17.4376389], [80.5681944, 17.4376389], [80.5681944, 17.4379167], [80.5684722, 17.4379167], [80.5684722, 17.4381944], [80.56875, 17.4381944], [80.56875, 17.4384722]], [[80.6020833, 17.4340278], [80.6029167, 17.4340278], [80.6029167, 17.4331944], [80.6020833, 17.4331944], [80.6020833, 17.4340278]], [[80.5565278, 17.4268056], [80.5573611, 17.4268056], [80.5573611, 17.4265278], [80.5576389, 17.4265278], [80.5576389, 17.42625], [80.5581944, 17.42625], [80.5581944, 17.4259722], [80.5584722, 17.4259722], [80.5584722, 17.4256944], [80.55875, 17.4256944], [80.55875, 17.4248611], [80.5590278, 17.4248611], [80.5590278, 17.42375], [80.5593056, 17.42375], [80.5593056, 17.4234722], [80.5595833, 17.4234722], [80.5595833, 17.4229167], [80.5581944, 17.4229167], [80.5581944, 17.4226389], [80.5568056, 17.4226389], [80.5568056, 17.4223611], [80.5559722, 17.4223611], [80.5559722, 17.4226389], [80.5554167, 17.4226389], [80.5554167, 17.4248611], [80.5551389, 17.4248611], [80.5551389, 17.4251389], [80.5548611, 17.4251389], [80.5548611, 17.4254167], [80.5554167, 17.4254167], [80.5554167, 17.4256944], [80.5556944, 17.4256944], [80.5556944, 17.4259722], [80.5551389, 17.4259722], [80.5551389, 17.4265278], [80.5565278, 17.4265278], [80.5565278, 17.4268056]], [[80.6229167, 17.4229167], [80.6231944, 17.4229167], [80.6231944, 17.4226389], [80.6229167, 17.4226389], [80.6229167, 17.4229167]], [[80.6226389, 17.4226389], [80.6229167, 17.4226389], [80.6229167, 17.4215278], [80.6226389, 17.4215278], [80.6226389, 17.4226389]], [[80.61875, 17.4204167], [80.6190278, 17.4204167], [80.6190278, 17.4198611], [80.61875, 17.4198611], [80.61875, 17.4204167]], [[80.59875, 17.4045833], [80.5990278, 17.4045833], [80.5990278, 17.4043056], [80.59875, 17.4043056], [80.59875, 17.4045833]], [[80.6373611, 17.4009722], [80.6376389, 17.4009722], [80.6376389, 17.4006944], [80.6379167, 17.4006944], [80.6379167, 17.4004167], [80.6373611, 17.4004167], [80.6373611, 17.4009722]], [[80.6223611, 17.4006944], [80.6226389, 17.4006944], [80.6226389, 17.4004167], [80.6229167, 17.4004167], [80.6229167, 17.4001389], [80.6226389, 17.4001389], [80.6226389, 17.3998611], [80.6220833, 17.3998611], [80.6220833, 17.4004167], [80.6223611, 17.4004167], [80.6223611, 17.4006944]], [[80.6329167, 17.3979167], [80.6331944, 17.3979167], [80.6331944, 17.3970833], [80.6329167, 17.3970833], [80.6329167, 17.3973611], [80.6326389, 17.3973611], [80.6326389, 17.3976389], [80.6329167, 17.3976389], [80.6329167, 17.3979167]]]}}]}